Order UTM campaign,Order UTM content,Order UTM medium,Orders,Gross sales,Discounts,Returns,Net sales,Shipping charges,Duties,Additional fees,Taxes,Total sales,month_start,source_file
DTC_Yakies_Manual,DTC_Yakies_Video_YakiesCompilation_Oct28,DTC_Yakies_DogDental,677,219338.67,-14466.64,0,204872.03,30478,0,0,2808.31,238158.34,2025-12,dashboard_data/SWF-MetaXShopifyDashboard/Meta Shopify Report with adset data - Dec_25.csv
DTC_Winter'25_Conv,DTC_Winter'25_Static_BlueSweater_Oct15,DTC_Winter'25_Lifestyle,264,480534.78,-22953.32,0,457581.46,294,0,0,12280.36,470155.82,2025-12,dashboard_data/SWF-MetaXShopifyDashboard/Meta Shopify Report with adset data - Dec_25.csv
Social_Bio,Social_IG_sales,Social,229,393943.78,-13562.95,0,380380.83,2058,0,0,12192.94,394631.77,2025-12,dashboard_data/SWF-MetaXShopifyDashboard/Meta Shopify Report with adset data - Dec_25.csv
DTC_Winter'25_Conv,DTC_Winter'25_Video_Hershey-PinkSweater_Nov18,DTC_Winter'25_Lifestyle,192,335733.3,-15074.73,0,320658.57,735,0,0,8685.41,330078.98,2025-12,dashboard_data/SWF-MetaXShopifyDashboard/Meta Shopify Report with adset data - Dec_25.csv
DTC_YIMT_Conv_PP,DTC_YIMT_Video_PumpkinMeetsCarrot_Nov19,DTC_YIMT_Conv_Dog-In_PP,156,69475.66,-4506.15,0,64969.51,6566,0,0,1394.11,72929.62,2025-12,dashboard_data/SWF-MetaXShopifyDashboard/Meta Shopify Report with adset data - Dec_25.csv
DTC_Meowsi_Conv,DTC_Meowsi_Video_WinterPoblems_Dec11,DTC_Meowsi_CatInt,138,29371.02,-158.07,0,29212.95,6419,0,0,730.97,36362.92,2025-12,dashboard_data/SWF-MetaXShopifyDashboard/Meta Shopify Report with adset data - Dec_25.csv
DTC_SWF_Conv,DTC_SWF_Video_KhushbooGharJaisi_Nov21,DTC_SWF_Conv_478cities,110,93001.29,-3728.47,0,89272.82,3675,0,0,2695.48,95643.3,2025-12,dashboard_data/SWF-MetaXShopifyDashboard/Meta Shopify Report with adset data - Dec_25.csv
DTC_HUFTGourmetToys_Conv,DTC_HUFTToys_Video_X'MasToys_Dec11,DTC_HUFTGourmetToys_PetToys,96,122380.86,-3003.53,0,119377.33,1666,0,0,1912.13,122955.46,2025-12,dashboard_data/SWF-MetaXShopifyDashboard/Meta Shopify Report with adset data - Dec_25.csv
DTC_HUFT_OutletSale,DTC_HUFTOutletSale_Catalogue_Oct08,DTC_HUFTOutletSale_Pet,92,79628.45,-2083.66,0,77544.79,2499,0,0,2144.54,82188.33,2025-12,dashboard_data/SWF-MetaXShopifyDashboard/Meta Shopify Report with adset data - Dec_25.csv
DTC_SWF_Conv,DTC_SWF_Video_Hairfall_Nov10,DTC_SWF_Conv_TopSWFCities,80,28360.19,-1326.72,0,27033.47,3430,0,0,205.24,30668.71,2025-12,dashboard_data/SWF-MetaXShopifyDashboard/Meta Shopify Report with adset data - Dec_25.csv
{{campaign.name}},{{ad.name}},{{adset.name}},59,53913.71,-3269.64,0,50644.07,1372,0,0,1186.47,53202.54,2025-12,dashboard_data/SWF-MetaXShopifyDashboard/Meta Shopify Report with adset data - Dec_25.csv
DTC_Winter'25_Conv,DTC_Winter'25_Static_Sweater-WearACuddle_Oct24,DTC_Winter'25_LifestyleCustomer,59,95250.24,-5204.5,0,90045.74,392,0,0,2280.89,92718.63,2025-12,dashboard_data/SWF-MetaXShopifyDashboard/Meta Shopify Report with adset data - Dec_25.csv
DTC_Remarketing_catalog_PV,DTC_Retargeting_CustomCatalogue_PV30_Apr24,DTC_Retargeting_CustomCatalogue_NewPV_30Days,55,122469.48,-4285.65,0,118183.83,784,0,0,1866.82,120834.65,2025-12,dashboard_data/SWF-MetaXShopifyDashboard/Meta Shopify Report with adset data - Dec_25.csv
DTC_YIMT_Conv_PP,DTC_YIMT_Video-GotMyEyesOnThePrice_Dec08,DTC_YIMT_Conv_Dog-In_PP,47,22797.76,-638.29,0,22159.47,2009,0,0,401.57,24570.04,2025-12,dashboard_data/SWF-MetaXShopifyDashboard/Meta Shopify Report with adset data - Dec_25.csv
DTC_Winter'25_Conv,DTC_Winter'25_Static_SweaterWeatherMadeSweeter_Oct31,DTC_Winter'25_Lifestyle,46,83037.89,-2984.85,0,80053.04,49,0,0,2161.73,82263.77,2025-12,dashboard_data/SWF-MetaXShopifyDashboard/Meta Shopify Report with adset data - Dec_25.csv
DTC_Winter'25_Conv,DTC_Winter'25_Static_Sweatshirts-LayerLight_Oct24,DTC_Winter'25_Lifestyle,43,72890.68,-3697.01,0,69193.67,98,0,0,2317.2,71608.87,2025-12,dashboard_data/SWF-MetaXShopifyDashboard/Meta Shopify Report with adset data - Dec_25.csv
DTC_Hearty_Conv_Manual,DTC_HeartyK_Video_KyaAapkeKibbleMein_Oct05,DTC_Hearty_Conv_DogHealth,39,49407.48,-737.79,0,48669.69,1078,0,0,141.87,49889.56,2025-12,dashboard_data/SWF-MetaXShopifyDashboard/Meta Shopify Report with adset data - Dec_25.csv
DTC_Winter'25_Conv,DTC_Winter'25_Video_SoftJackets_Dec12,DTC_Winter'25_Lifestyle,38,72468.21,-5068.28,0,67399.93,49,0,0,2162.82,69611.75,2025-12,dashboard_data/SWF-MetaXShopifyDashboard/Meta Shopify Report with adset data - Dec_25.csv
DTC_Meowsi_Conv,DTC_Meowsi_Video_TaurineFtNishad_Dec08,DTC_Meowsi_CatInt – Copy,37,19576.18,-1017.06,0,18559.12,1323,0,0,96.51,19978.63,2025-12,dashboard_data/SWF-MetaXShopifyDashboard/Meta Shopify Report with adset data - Dec_25.csv
DTC_Sara.Treats_Conv_May'24,DTC_Sara.Treat_Catalogue_May05,DTC_SaraTreats_Travel&Dog,32,41835.68,-958.65,0,40877.03,588,0,0,866.3,42331.33,2025-12,dashboard_data/SWF-MetaXShopifyDashboard/Meta Shopify Report with adset data - Dec_25.csv
DTC_Hearty_Conv_Manual,DTC_HeartyK_Video_SamPoppins_Nov13,DTC_Hearty_NewNonFoodAud,29,69024.52,-3186.6,0,65837.92,294,0,0,880.03,67011.95,2025-12,dashboard_data/SWF-MetaXShopifyDashboard/Meta Shopify Report with adset data - Dec_25.csv
DTC_SWF_Conv,DTC_SWF_Video_IfYouCouldCook_Nov10,DTC_SWF_IndiaDogProducts,27,45871.05,-1160.76,0,44710.29,735,0,0,407.89,45853.18,2025-12,dashboard_data/SWF-MetaXShopifyDashboard/Meta Shopify Report with adset data - Dec_25.csv
DTC_SWF_Conv,DTC_SWF_WePutSoMuchTrust_Nov17,DTC_SWF_IG-LA2,27,18167.46,-785.18,0,17382.28,1078,0,0,85.14,18545.42,2025-12,dashboard_data/SWF-MetaXShopifyDashboard/Meta Shopify Report with adset data - Dec_25.csv
DTC_Meowsi_Conv,DTC_Meowsi_Video_RealMeat&SeaFood_Nov17,DTC_Meowsi_CatInt – Copy,26,8152.18,-431.94,0,7720.24,1078,0,0,193.18,8991.42,2025-12,dashboard_data/SWF-MetaXShopifyDashboard/Meta Shopify Report with adset data - Dec_25.csv
DTC_Sara_Conv_PP_Jun23 Campaign,DTC_SaraBoosters_Video_Bone&Supplements_Dec5,DTC_Sara_Conv_PP_Jun23 Ad Set,25,13120.75,-780.46,0,12340.29,931,0,0,344.91,13616.2,2025-12,dashboard_data/SWF-MetaXShopifyDashboard/Meta Shopify Report with adset data - Dec_25.csv
DTC_Meowsi_Conv,DTC_Meowsi_Video_DetectiveIris_NOv11,DTC_Meowsi_CatInt – Copy,23,8911.69,-421.88,0,8489.81,980,0,0,74.16,9543.97,2025-12,dashboard_data/SWF-MetaXShopifyDashboard/Meta Shopify Report with adset data - Dec_25.csv
Social_Bio,IG_sales_bio,Social,22,38991.7,-1013.64,0,37978.06,245,0,0,1245.95,39469.01,2025-12,dashboard_data/SWF-MetaXShopifyDashboard/Meta Shopify Report with adset data - Dec_25.csv
DTC_Meowsi_Conv,DTC_Meowsi_Video_MostCatParentsFtNishad_Nov24,DTC_Meowsi_CatInt,22,14202.22,-335.55,0,13866.67,686,0,0,52.43,14605.1,2025-12,dashboard_data/SWF-MetaXShopifyDashboard/Meta Shopify Report with adset data - Dec_25.csv
DTC_Sara.Treats_Conv_May'24,DTC_SaraTreats_Video_SundayMonday_Oct13,DTC_SaraTreats_TopStates,20,27071.76,-1262.6,0,25809.16,294,0,0,774.54,26877.7,2025-12,dashboard_data/SWF-MetaXShopifyDashboard/Meta Shopify Report with adset data - Dec_25.csv
DTC_SWF_Conv,DTC_SWF_Video_WeDontMakeDogFood_Oct06,DTC_SWF_Conv_TopSWFCities,19,22706.87,-193.67,0,22513.2,392,0,0,188.17,23093.37,2025-12,dashboard_data/SWF-MetaXShopifyDashboard/Meta Shopify Report with adset data - Dec_25.csv
DTC_Yakies_Manual,DTC_Yakies_Video_CalciumRich_Dec12,DTC_Yakies_DogDental,19,5133.98,-226.02,0,4907.96,882,0,0,110.8,5900.76,2025-12,dashboard_data/SWF-MetaXShopifyDashboard/Meta Shopify Report with adset data - Dec_25.csv
DTC_Meowsi_Conv,DTC_Meowsi_Video_WhatsForDinnerFtEclairs_Sept22,DTC_Meowsi_CatInt,18,15211.58,-195.65,0,15015.93,441,0,0,388.62,15845.55,2025-12,dashboard_data/SWF-MetaXShopifyDashboard/Meta Shopify Report with adset data - Dec_25.csv
DTC_SWF_Conv,DTC_SWF_winter_issues_rashi_Dec23_AM,DTC_SWF_IndiaDogProducts,17,17247.93,-1475.93,0,15772.0,441,0,0,682.78,16895.78,2025-12,dashboard_data/SWF-MetaXShopifyDashboard/Meta Shopify Report with adset data - Dec_25.csv
DTC_YIMT_ASC_PP Ad set,DTC_YIMT_Singles&Combos_Catalog_PP_ASC_26March24,DTC_YIMT_ASC_PP Campaign,17,8445.26,-267.8,0,8177.46,686,0,0,49.53,8912.99,2025-12,dashboard_data/SWF-MetaXShopifyDashboard/Meta Shopify Report with adset data - Dec_25.csv
DTC_SWF_Conv,DTC_SWF_Video_SomethingDoneRight_Nov21,DTC_SWF_IndiaDogProducts,16,16850.48,-502.0,0,16348.48,490,0,0,43.33,16881.81,2025-12,dashboard_data/SWF-MetaXShopifyDashboard/Meta Shopify Report with adset data - Dec_25.csv
DTC_Hearty_Conv_Manual,DTC_HeartyK_Video_NoFoulSmell_Nov18,DTC_Hearty_Conv_DogHealth,16,40453.7,-2728.24,0,37725.46,245,0,0,1277.27,39247.73,2025-12,dashboard_data/SWF-MetaXShopifyDashboard/Meta Shopify Report with adset data - Dec_25.csv
DTC_Hearty_3PAud_Sales,DTC_Hearty_NotMadeInLab_Nov11,DTC_Hearty_ThirdPartyRCFarmOrAcana,15,23530.47,-1744.47,0,21786.0,245,0,0,32.42,22063.42,2025-12,dashboard_data/SWF-MetaXShopifyDashboard/Meta Shopify Report with adset data - Dec_25.csv
DTC_Winter'25_Conv,DTC_Winter'25_Video_JacketsComp_Nov21,DTC_Winter'25_Lifestyle,15,35685.46,-3029.72,0,32655.74,0,0,0,537.56,33193.3,2025-12,dashboard_data/SWF-MetaXShopifyDashboard/Meta Shopify Report with adset data - Dec_25.csv
DTC_Hearty_3PAud_Sales,DTC_Hearty_Video_XmasSpecial_Dec09,DTC_Hearty_ThirdPartyRCFarmOrAcana,14,24521.88,-1384.99,0,23136.89,196,0,0,969.95,24302.84,2025-12,dashboard_data/SWF-MetaXShopifyDashboard/Meta Shopify Report with adset data - Dec_25.csv
DTC_Hearty_Conv_Manual,DTC_HeartyB_Video_Poppins&Sam_Nov18,DTC_Hearty_Conv_TopCitesPetFood,14,15377.49,-879.17,0,14498.32,392,0,0,166.68,15057.0,2025-12,dashboard_data/SWF-MetaXShopifyDashboard/Meta Shopify Report with adset data - Dec_25.csv
DTC_SWF_Conv,DTC_SWF_Video_BestDogFood_Dec09,DTC_SWF_Conv_TopSWFCities,12,10138.79,-901.64,0,9237.15,490,0,0,0.0,9727.15,2025-12,dashboard_data/SWF-MetaXShopifyDashboard/Meta Shopify Report with adset data - Dec_25.csv
DTC_Sara.Treats_Conv_May'24,DTC_SaraTreats_Video_Winter-SuperFoods_Dec05,DTC_SaraTreats_TopStates,12,11774.21,-1026.2,0,10748.01,343,0,0,356.06,11447.07,2025-12,dashboard_data/SWF-MetaXShopifyDashboard/Meta Shopify Report with adset data - Dec_25.csv
DTC_NutriMeow_Conv,DTC_NutriMeow_Video_USP+Varinats_Dec08,DTC_NutriMeow_Cat,12,7585.17,-334.23,0,7250.94,294,0,0,19.83,7564.77,2025-12,dashboard_data/SWF-MetaXShopifyDashboard/Meta Shopify Report with adset data - Dec_25.csv
Hearty_Kibble,Hearty_Kibble_IG_FB,Social,11,22599.47,-714.95,0,21884.52,98,0,0,775.63,22758.15,2025-12,dashboard_data/SWF-MetaXShopifyDashboard/Meta Shopify Report with adset data - Dec_25.csv
DTC_Winter'25_Conv,DTC_Winter'25_Static_CosiestComfiestPetBeds_Nov03,DTC_Winter'25_Lifestyle,11,28208.36,-1237.45,0,26970.91,49,0,0,195.44,27215.35,2025-12,dashboard_data/SWF-MetaXShopifyDashboard/Meta Shopify Report with adset data - Dec_25.csv
DTC_Winter'25_Conv,DTC_Winter'25_Static_Jackets-out&about_Dec09,DTC_Winter'25_LifestyleCustomer,10,17979.55,-1148.16,0,16831.39,49,0,0,511.06,17391.45,2025-12,dashboard_data/SWF-MetaXShopifyDashboard/Meta Shopify Report with adset data - Dec_25.csv
DTC_SWF_Conv,DTC_SWF_Video_PackedForLongerLife_Nov4,DTC_SWF_IG-LA2,8,1402.15,0.0,0,1402.15,392,0,0,23.45,1817.6,2025-12,dashboard_data/SWF-MetaXShopifyDashboard/Meta Shopify Report with adset data - Dec_25.csv
DTC_SWF_Conv,DTC_SWF_Video_SonalikaTestimonial_Oct30,DTC_SWF_IndiaDogProducts,7,30882.33,-2320.47,0,28561.86,0,0,0,138.68,28700.54,2025-12,dashboard_data/SWF-MetaXShopifyDashboard/Meta Shopify Report with adset data - Dec_25.csv
DTC_Bed&MatOld _Manual,DTC_Beds&Mats_Video_RoyalSnooze_Dec15,DTC_Bed&Mats_Conv_DogSummer,7,14254.1,-1067.68,0,13186.42,0,0,0,0.0,13186.42,2025-12,dashboard_data/SWF-MetaXShopifyDashboard/Meta Shopify Report with adset data - Dec_25.csv
DTC_SWF_Conv,DTC_SWF_Video_ReviewThatMatters_Dec26,DTC_SWF_Conv_478cities,7,18649.69,-2355.76,0,16293.93,49,0,0,184.45,16527.38,2025-12,dashboard_data/SWF-MetaXShopifyDashboard/Meta Shopify Report with adset data - Dec_25.csv
DTC_SWF_Conv,DTC_SWF_videogharkakhanafordogs?_aug21,DTC_SWF_IG-LA2,6,3467.37,-137.61,0,3329.76,245,0,0,251.85,3826.61,2025-12,dashboard_data/SWF-MetaXShopifyDashboard/Meta Shopify Report with adset data - Dec_25.csv
DTC_Meowsi_Conv,DTC_Meowsi_Video_RealMeat,DTC_Meowsi_CatInt – Copy,6,3394.87,-150.0,0,3244.87,245,0,0,21.59,3511.46,2025-12,dashboard_data/SWF-MetaXShopifyDashboard/Meta Shopify Report with adset data - Dec_25.csv
DTC_Hearty_Conv_Manual,DTC_Hearty_Video_DogFoodEvolution_Dec29,DTC_Hearty_Conv_DogHealth,6,6274.2,-598.11,0,5676.09,196,0,0,0.0,5872.09,2025-12,dashboard_data/SWF-MetaXShopifyDashboard/Meta Shopify Report with adset data - Dec_25.csv
DTC_Sara.Treats_Conv_May'24,DTC_SaraTreats_Video_PhirSeChickenFtPinky_Nov24,DTC_SaraTreats_TopStates,5,3409.23,-117.34,0,3291.89,196,0,0,47.52,3535.41,2025-12,dashboard_data/SWF-MetaXShopifyDashboard/Meta Shopify Report with adset data - Dec_25.csv
DTC_Hearty_Conv_Manual,DTC_HeartyB_Video_DoYouKnowFtLoki_Dec08,DTC_Hearty_NewNonFoodAud,5,6136.2,0.0,0,6136.2,98,0,0,0.0,6234.2,2025-12,dashboard_data/SWF-MetaXShopifyDashboard/Meta Shopify Report with adset data - Dec_25.csv
DTC_SWF_Conv,DTC_SWF_Video_ForHealthierHappyLife_Dec26,DTC_SWF_Conv_TopSWFCities,5,4799.49,-122.22,0,4677.27,147,0,0,6.6,4830.87,2025-12,dashboard_data/SWF-MetaXShopifyDashboard/Meta Shopify Report with adset data - Dec_25.csv
DTC_Hearty_3PAud_Sales,DTC_HeartyK_Video_JustRs200_Oct23,DTC_Hearty_ThirdPartyRCFarmOrAcana,5,6826.39,-425.49,0,6400.9,49,0,0,69.07,6518.97,2025-12,dashboard_data/SWF-MetaXShopifyDashboard/Meta Shopify Report with adset data - Dec_25.csv
DTC_Winter'25_Conv,DTC_Winter'25_Video_SardiyanXjackets_Dec09,DTC_Winter'25_Lifestyle,5,8775.35,-450.0,0,8325.35,0,0,0,0.0,8325.35,2025-12,dashboard_data/SWF-MetaXShopifyDashboard/Meta Shopify Report with adset data - Dec_25.csv
DTC_YIMT_ASC_PP Ad set,DTC_YIMT_Singles,DTC_YIMT_ASC_PP Campaign,5,1468.09,-31.9,0,1436.19,245,0,0,54.91,1736.1,2025-12,dashboard_data/SWF-MetaXShopifyDashboard/Meta Shopify Report with adset data - Dec_25.csv
DTC_SWF_Conv,DTC_SWF_Video_ApneDogKLiyeKhudKhANA_Dec05,DTC_SWF_IG-LA2,5,3545.51,-192.3,0,3353.21,147,0,0,33.56,3533.77,2025-12,dashboard_data/SWF-MetaXShopifyDashboard/Meta Shopify Report with adset data - Dec_25.csv
DTC_Hearty_3PAud_Sales,DTC_Hearty_Video_50KPetParents_Dec29,DTC_Hearty_ThirdPartyRCFarmOrAcana,4,7249.97,-150.0,0,7099.97,49,0,0,0.0,7148.97,2025-12,dashboard_data/SWF-MetaXShopifyDashboard/Meta Shopify Report with adset data - Dec_25.csv
Social_Monsoon,IG_sales_monsoon,Social,4,9295.0,-300.0,0,8995.0,0,0,0,0.0,8995.0,2025-12,dashboard_data/SWF-MetaXShopifyDashboard/Meta Shopify Report with adset data - Dec_25.csv
DTC_SWF_Conv,DTC_SWF_Video_IFeedYouHealthyToday_Sept10,DTC_SWF_Conv_478cities,4,2218.68,-164.1,0,2054.58,147,0,0,15.54,2217.12,2025-12,dashboard_data/SWF-MetaXShopifyDashboard/Meta Shopify Report with adset data - Dec_25.csv
DTC_Meowsi_Conv,DTC_Meowsi_Video_What'sOnEddie'sMind_Nov4,DTC_Meowsi_CatInt – Copy,3,1099.39,-22.35,0,1077.04,147,0,0,90.61,1314.65,2025-12,dashboard_data/SWF-MetaXShopifyDashboard/Meta Shopify Report with adset data - Dec_25.csv
DTC_Sara.Treats_Conv_May'24,DTC_SaraTreats_Video_NewFlavours_Oct23,DTC_SaraTreats_Travel&Dog,3,2042.45,-174.14,0,1868.31,98,0,0,0.0,1966.31,2025-12,dashboard_data/SWF-MetaXShopifyDashboard/Meta Shopify Report with adset data - Dec_25.csv
DTC_SWF_Conv,DTC_SWF_Video_WeDontMakeSameFood_Dec5,DTC_SWF_Conv_478cities,3,3912.95,-14.1,0,3898.85,98,0,0,0.0,3996.85,2025-12,dashboard_data/SWF-MetaXShopifyDashboard/Meta Shopify Report with adset data - Dec_25.csv
Cat_food_meowsi,IG_sales_bio,Social,3,2809.87,0.0,0,2809.87,98,0,0,52.43,2960.3,2025-12,dashboard_data/SWF-MetaXShopifyDashboard/Meta Shopify Report with adset data - Dec_25.csv
DTC_Hearty_Conv_Manual,DTC_HeartyK_Video_WhatFuelsYourDog_Dec08,DTC_Hearty_Conv_DogHealth,3,7069.54,-244.3,0,6825.24,49,0,0,496.91,7371.15,2025-12,dashboard_data/SWF-MetaXShopifyDashboard/Meta Shopify Report with adset data - Dec_25.csv
DTC_Hearty_Conv_Manual,DTC_HeartyB_Video_10%Treats_Nov3,DTC_Hearty_NewNonFoodAud,2,6269.75,-313.53,0,5956.22,0,0,0,0.0,5956.22,2025-12,dashboard_data/SWF-MetaXShopifyDashboard/Meta Shopify Report with adset data - Dec_25.csv
DTC_Winter'25_Conv,DTC_Winter'25_Static_Jackets-ChilliMornings_Nov18,DTC_Winter'25_LifestyleCustomer,2,2938.6,0.0,0,2938.6,0,0,0,0.0,2938.6,2025-12,dashboard_data/SWF-MetaXShopifyDashboard/Meta Shopify Report with adset data - Dec_25.csv
DTC_Hearty_Conv_Manual,DTC_Hearty_Video_StopMotion_Oct23,DTC_Hearty_Conv_DogHealth,2,1380.62,-44.12,0,1336.5,49,0,0,97.79,1483.29,2025-12,dashboard_data/SWF-MetaXShopifyDashboard/Meta Shopify Report with adset data - Dec_25.csv
DTC_SWF_Conv,DTC_SWF_Video_PancreaticDisorder_Dec26,DTC_SWF_Conv_TopSWFCities,2,2547.55,-330.47,0,2217.08,0,0,0,0.0,2217.08,2025-12,dashboard_data/SWF-MetaXShopifyDashboard/Meta Shopify Report with adset data - Dec_25.csv
DTC_YIMT_Conv_PP,DTC_YIMT_Video_Animated_Oct23,DTC_YIMT_Conv_Dog-In_PP,2,1031.0,-21.15,0,1009.85,98,0,0,0.0,1107.85,2025-12,dashboard_data/SWF-MetaXShopifyDashboard/Meta Shopify Report with adset data - Dec_25.csv
DTC_Sara.Treats_Conv_May'24,DTC_Sara.Treat_Catalogue_May05,DTC_SaraTreats_Travel,2,724.59,0.0,0,724.59,98,0,0,0.0,822.59,2025-12,dashboard_data/SWF-MetaXShopifyDashboard/Meta Shopify Report with adset data - Dec_25.csv
DTC_Hearty_Conv_Manual,DTC_HeartyK_Video_HkxJerry_3Dec_AM,DTC_Hearty_NewNonFoodAud,2,1280.83,0.0,0,1280.83,49,0,0,66.67,1396.5,2025-12,dashboard_data/SWF-MetaXShopifyDashboard/Meta Shopify Report with adset data - Dec_25.csv
DTC_SWF_Conv,DTC_SWF_Video_BrandFilm_PDP_Dec10,DTC_SWF_Metros_BrandFilm,1,763.2,0.0,0,763.2,0,0,0,0.0,763.2,2025-12,dashboard_data/SWF-MetaXShopifyDashboard/Meta Shopify Report with adset data - Dec_25.csv
DTC_Winter'25_Conv,DTC_Winter'25_Static_FeelingTheChill_Oct31,DTC_Winter'25_AllAboutPets,1,1524.58,0.0,0,1524.58,0,0,0,274.42,1799.0,2025-12,dashboard_data/SWF-MetaXShopifyDashboard/Meta Shopify Report with adset data - Dec_25.csv
DTC_Winter'25_Conv,DTC_Winter'25_Static_Jackets-BoldStlyes_Dec09,DTC_Winter'25_AllAboutPets,1,2024.25,0.0,0,2024.25,0,0,0,0.0,2024.25,2025-12,dashboard_data/SWF-MetaXShopifyDashboard/Meta Shopify Report with adset data - Dec_25.csv
DTC_Hearty_ASC_Catalogue_Oct1,DTC_Hearty_Catalogue_HUFTFrame_Oct01,DTC_Hearty_ASC_Cat_3P,1,2341.7,0.0,0,2341.7,0,0,0,421.5,2763.2,2025-12,dashboard_data/SWF-MetaXShopifyDashboard/Meta Shopify Report with adset data - Dec_25.csv
DTC_Meowsi_Conv,DTC_Meowsi_Video_UTIinWinters_Dec29,DTC_Meowsi_LA-CatFood&Breeds,1,359.0,0.0,0,359.0,49,0,0,0.0,408.0,2025-12,dashboard_data/SWF-MetaXShopifyDashboard/Meta Shopify Report with adset data - Dec_25.csv
DTC_Meowsi_Conv,DTC_MeowsiM_Video_P2CFtPallavi_July15,DTC_Meowsi_CatInt,1,233.0,0.0,0,233.0,49,0,0,0.0,282.0,2025-12,dashboard_data/SWF-MetaXShopifyDashboard/Meta Shopify Report with adset data - Dec_25.csv
DTC_Sara.Treats_Conv_May'24,DTC_SaraTreats_Video_Lamb_Jerky_3_Dec_Am,DTC_SaraTreats_Travel&Dog,1,122.55,0.0,0,122.55,49,0,0,0.0,171.55,2025-12,dashboard_data/SWF-MetaXShopifyDashboard/Meta Shopify Report with adset data - Dec_25.csv
DTC_SWF_Conv,DTC_SWF_Video_review_that_matters_dec19_AM,DTC_SWF_IndiaDogProducts,1,1925.56,0.0,0,1925.56,0,0,0,0.0,1925.56,2025-12,dashboard_data/SWF-MetaXShopifyDashboard/Meta Shopify Report with adset data - Dec_25.csv
DTC_Hearty_Conv_Manual,DTC_HeartyB_Video_Poppins,DTC_Hearty_Conv_TopCitesPetFood,1,877.97,-27.42,0,850.55,0,0,0,67.55,918.1,2025-12,dashboard_data/SWF-MetaXShopifyDashboard/Meta Shopify Report with adset data - Dec_25.csv
DTC_Hearty_Conv_Manual,DTC_HeartyK_Video_JaliHuiBread_N0v24,DTC_Hearty_NewNonFoodAud,1,1499.0,0.0,0,1499.0,0,0,0,0.0,1499.0,2025-12,dashboard_data/SWF-MetaXShopifyDashboard/Meta Shopify Report with adset data - Dec_25.csv
DTC_Winter'25_Conv,DTC_Winter'25_Video_BrandFilm_Oct14,DTC_Winter'25_Lifestyle,1,1439.82,-127.11,0,1312.71,0,0,0,236.29,1549.0,2025-12,dashboard_data/SWF-MetaXShopifyDashboard/Meta Shopify Report with adset data - Dec_25.csv
DTC_Sara_Conv_PP_Jun23 Campaign,DTC_SaraBoosters_Video_Bone,DTC_Sara_Conv_PP_Jun23 Ad Set,1,349.0,0.0,0,349.0,49,0,0,0.0,398.0,2025-12,dashboard_data/SWF-MetaXShopifyDashboard/Meta Shopify Report with adset data - Dec_25.csv
DTC_Yakies_Manual,DTC_Yakies_Video_YakiesCompilation_Oct28,DTC_Yakies_DogDental,497,161157.93,-10730.45,0,150427.48,22344,0,0,2137.06,174908.54,2026-01,dashboard_data/SWF-MetaXShopifyDashboard/Meta shopify report with adset data - Jan_26.csv
DTC_Yakies_Manual,DTC_Yakies_Video_IndustrialGlues_Jan14,DTC_Yakies_DogDental,154,40872.14,-943.34,0,39928.8,7203,0,0,739.62,47871.42,2026-01,dashboard_data/SWF-MetaXShopifyDashboard/Meta shopify report with adset data - Jan_26.csv
Social_Bio,Social_IG_sales,Social,151,274283.26,-8677.6,0,265605.66,1470,0,0,7610.22,274685.88,2026-01,dashboard_data/SWF-MetaXShopifyDashboard/Meta shopify report with adset data - Jan_26.csv
DTC_Meowsi_Conv,DTC_Meowsi_Video_WinterPoblems_Dec11,DTC_Meowsi_CatInt,137,35732.13,-116.37,0,35615.76,6174,0,0,1209.4,42999.16,2026-01,dashboard_data/SWF-MetaXShopifyDashboard/Meta shopify report with adset data - Jan_26.csv
DTC_YIMT_Conv_PP,DTC_YIMT_Video_PumpkinMeetsCarrot_Nov19,DTC_YIMT_Conv_Dog-In_PP,106,54593.05,-3948.17,0,50644.88,4508,0,0,1113.87,56266.75,2026-01,dashboard_data/SWF-MetaXShopifyDashboard/Meta shopify report with adset data - Jan_26.csv
DTC_Winter'25_Conv,DTC_Winter;25_Static_Winterwear_Jan05,DTC_Winter'25_Lifestyle,100,178364.51,-8237.75,0,170126.76,539,0,0,8788.33,179454.09,2026-01,dashboard_data/SWF-MetaXShopifyDashboard/Meta shopify report with adset data - Jan_26.csv
DTC_HUFT_OutletSale,DTC_HUFTOutletSale_Catalogue_Oct08,DTC_HUFTOutletSale_Pet,99,84003.97,-3473.03,0,80530.94,2695,0,0,1721.87,84947.81,2026-01,dashboard_data/SWF-MetaXShopifyDashboard/Meta shopify report with adset data - Jan_26.csv
DTC_CLH_Conv_06Aug,DTC_CLH_EOSS_Jan05,DTC_CLH_CONV_India_OldPerfAud,95,141510.75,-6396.78,0,135113.97,882,0,0,4320.26,140316.23,2026-01,dashboard_data/SWF-MetaXShopifyDashboard/Meta shopify report with adset data - Jan_26.csv
DTC_Bed&MatOld _Manual,DTC_Beds&Mats_Video_EOSS_Jan05,DTC_Bed&Mats_Conv_DogSummer,87,192329.28,-10361.33,0,181967.95,294,0,0,6650.5,188912.45,2026-01,dashboard_data/SWF-MetaXShopifyDashboard/Meta shopify report with adset data - Jan_26.csv
DTC_Winter'25_Conv,DTC_Winter'25_Static_EOSS_Jackets_Jan05,DTC_Winter'25_LifestyleCustomer,70,117713.84,-6080.94,0,111632.9,343,0,0,5717.8,117693.7,2026-01,dashboard_data/SWF-MetaXShopifyDashboard/Meta shopify report with adset data - Jan_26.csv
DTC_Hearty_Conv_Manual,DTC_HeartyK_Video_DogFoodChupanaKyu_Dec31,DTC_Hearty_Conv_DogHealth,64,78471.64,-2134.26,0,76337.38,1519,0,0,2321.31,80177.69,2026-01,dashboard_data/SWF-MetaXShopifyDashboard/Meta shopify report with adset data - Jan_26.csv
DTC_Sara.Treats_Conv_May'24,DTC_HUFTTreats_Video_WorldOfHUFTTreats_Jan12,DTC_SaraTreats_TopStates,60,48883.54,-1395.28,0,47488.26,1421,0,0,1297.82,50207.08,2026-01,dashboard_data/SWF-MetaXShopifyDashboard/Meta shopify report with adset data - Jan_26.csv
DTC_Remarketing_catalog_PV,DTC_Retargeting_CustomCatalogue_PV30_Apr24,DTC_Retargeting_CustomCatalogue_NewPV_30Days,58,100263.31,-2467.25,0,97796.06,686,0,0,2454.16,100936.22,2026-01,dashboard_data/SWF-MetaXShopifyDashboard/Meta shopify report with adset data - Jan_26.csv
DTC_SWF_Conv,DTC_SWF_Video_BestDogFood_Dec09,DTC_SWF_Conv_TopSWFCities,55,25252.51,-704.78,0,24547.73,2352,0,0,199.62,27099.35,2026-01,dashboard_data/SWF-MetaXShopifyDashboard/Meta shopify report with adset data - Jan_26.csv
DTC_YIMT_Conv_PP,DTC_YIMT_Video_Testimonials_Jan14,DTC_YIMT_Conv_Dog-In_PP,52,22055.99,-1431.12,0,20624.87,2156,0,0,759.31,23540.18,2026-01,dashboard_data/SWF-MetaXShopifyDashboard/Meta shopify report with adset data - Jan_26.csv
DTC_SWF_Conv,DTC_SWF_winter_issues_rashi_Dec23_AM,DTC_SWF_IndiaDogProducts,51,58822.99,-2237.13,0,56585.86,882,0,0,544.84,58012.7,2026-01,dashboard_data/SWF-MetaXShopifyDashboard/Meta shopify report with adset data - Jan_26.csv
DTC_HUFTGourmetToys_Conv,DTC_HUFTToys_Static_EOSS_Jan05,DTC_HUFTGourmetToys_PetToys,51,102607.67,-5065.28,0,97542.39,490,0,0,1955.95,99988.34,2026-01,dashboard_data/SWF-MetaXShopifyDashboard/Meta shopify report with adset data - Jan_26.csv
{{campaign.name}},{{ad.name}},{{adset.name}},48,21911.47,-1304.74,0,20606.73,1862,0,0,721.15,23189.88,2026-01,dashboard_data/SWF-MetaXShopifyDashboard/Meta shopify report with adset data - Jan_26.csv
DTC_Winter'25_Conv,DTC_Winter;25_Static_Sweaters_Jan09,DTC_Winter'25_Lifestyle,41,57122.74,-2572.73,0,54550.01,49,0,0,1695.3,56294.31,2026-01,dashboard_data/SWF-MetaXShopifyDashboard/Meta shopify report with adset data - Jan_26.csv
DTC_Meowsi_Conv,DTC_Meowsi_Video_RealMeat&SeaFood_Nov17,DTC_Meowsi_CatInt – Copy,39,18034.59,-751.88,0,17282.71,1568,0,0,456.73,19307.44,2026-01,dashboard_data/SWF-MetaXShopifyDashboard/Meta shopify report with adset data - Jan_26.csv
DTC_Hearty_Conv_Manual,DTC_HeartyK_Video_SamPoppins_Nov13,DTC_Hearty_NewNonFoodAud,37,46907.65,-2275.76,0,44631.89,784,0,0,1723.98,47139.87,2026-01,dashboard_data/SWF-MetaXShopifyDashboard/Meta shopify report with adset data - Jan_26.csv
DTC_Winter'25_Conv,DTC_Winter'25_Static_Sweatshirts_Jan05,DTC_Winter'25_AllAboutPets,36,45964.09,-2202.7,0,43761.39,343,0,0,3255.35,47359.74,2026-01,dashboard_data/SWF-MetaXShopifyDashboard/Meta shopify report with adset data - Jan_26.csv
DTC_SWF_Conv,DTC_SWF_Video_ReviewThatMatters_Dec26,DTC_SWF_Conv_478cities,35,39204.15,-2273.48,0,36930.67,735,0,0,240.72,37906.39,2026-01,dashboard_data/SWF-MetaXShopifyDashboard/Meta shopify report with adset data - Jan_26.csv
DTC_Hearty_3PAud_Sales,DTC_Hearty_Video_50KPetParents_Dec29,DTC_Hearty_ThirdPartyRCFarmOrAcana,35,42247.13,-1507.98,0,40739.15,833,0,0,519.8,42091.95,2026-01,dashboard_data/SWF-MetaXShopifyDashboard/Meta shopify report with adset data - Jan_26.csv
DTC_YIMT_Conv_PP,DTC_YIMT_Video-GotMyEyesOnThePrice_Dec08,DTC_YIMT_Conv_Dog-In_PP,30,15947.85,-560.66,0,15387.19,1078,0,0,409.21,16874.4,2026-01,dashboard_data/SWF-MetaXShopifyDashboard/Meta shopify report with adset data - Jan_26.csv
DTC_SWF_Conv,DTC_SWF_Video_Rs.99FtRashi_Jan16,DTC_SWF_IG-LA2,30,19720.95,-670.91,0,19050.04,1127,0,0,1135.36,21312.4,2026-01,dashboard_data/SWF-MetaXShopifyDashboard/Meta shopify report with adset data - Jan_26.csv
Social_Bio,IG_sales_bio,Social,29,26230.76,-877.03,0,25353.73,784,0,0,390.38,26528.11,2026-01,dashboard_data/SWF-MetaXShopifyDashboard/Meta shopify report with adset data - Jan_26.csv
DTC_Sara_Conv_PP_Jun23 Campaign,DTC_SaraBoosters_Video_Bone&Supplements_Dec5,DTC_Sara_Conv_PP_Jun23 Ad Set,29,15837.78,-707.02,0,15130.76,1225,0,0,301.88,16657.64,2026-01,dashboard_data/SWF-MetaXShopifyDashboard/Meta shopify report with adset data - Jan_26.csv
DTC_NutriMeow_Conv,DTC_NutriMeow_Video_Cat'sStool_Dec30,DTC_NutriMeow_Cat,26,11340.73,-458.25,0,10882.48,882,0,0,289.07,12053.55,2026-01,dashboard_data/SWF-MetaXShopifyDashboard/Meta shopify report with adset data - Jan_26.csv
DTC_Sara.Treats_Conv_May'24,DTC_Sara.Treat_Catalogue_May05,DTC_SaraTreats_Travel&Dog,26,28279.34,-371.69,0,27907.65,735,0,0,904.07,29546.72,2026-01,dashboard_data/SWF-MetaXShopifyDashboard/Meta shopify report with adset data - Jan_26.csv
DTC_Winter'25_Conv,DTC_Winter'25_Static_BlueSweater_Oct15,DTC_Winter'25_Lifestyle,20,30465.17,-3030.91,0,27434.26,98,0,0,293.99,27826.25,2026-01,dashboard_data/SWF-MetaXShopifyDashboard/Meta shopify report with adset data - Jan_26.csv
DTC_Sara.Treats_Conv_May'24,DTC_SaraTreats_Video_CompilationTestimonials_Jan13,DTC_SaraTreats_Travel&Dog,19,14181.14,-992.45,0,13188.69,441,0,0,223.74,13853.43,2026-01,dashboard_data/SWF-MetaXShopifyDashboard/Meta shopify report with adset data - Jan_26.csv
DTC_Winter'25_Conv,DTC_Winter'25_Static_EOSS_Sweaters_Jan09,DTC_Winter'25_LifestyleCustomer,19,33245.69,-1839.75,0,31405.94,98,0,0,1391.64,32895.58,2026-01,dashboard_data/SWF-MetaXShopifyDashboard/Meta shopify report with adset data - Jan_26.csv
DTC_Yakies_Manual,DTC_Yakies_Video_CalciumRich_Dec12,DTC_Yakies_DogDental,16,5322.56,-406.07,0,4916.49,686,0,0,95.31,5697.8,2026-01,dashboard_data/SWF-MetaXShopifyDashboard/Meta shopify report with adset data - Jan_26.csv
DTC_Hearty_3PAud_Sales,DTC_Hearty_Video_15Sec-DogFoodNahIfUEL_jAN16,DTC_Hearty_ThirdPartyRCFarmOrAcana,14,25602.59,-818.88,0,24783.71,294,0,0,161.67,25239.38,2026-01,dashboard_data/SWF-MetaXShopifyDashboard/Meta shopify report with adset data - Jan_26.csv
DTC_Winter'25_Conv,DTC_Winter'25_Static_Sweatshirts_Jan05 – Copy,DTC_Winter'25_AllAboutPets,13,21524.02,-1538.98,0,19985.04,196,0,0,1022.79,21203.83,2026-01,dashboard_data/SWF-MetaXShopifyDashboard/Meta shopify report with adset data - Jan_26.csv
DTC_HUFTGourmetToys_Conv,DTC_HUFTToys_Video_X'MasToys_Dec11,DTC_HUFTGourmetToys_PetToys,13,15771.58,-434.43,0,15337.15,294,0,0,93.88,15725.03,2026-01,dashboard_data/SWF-MetaXShopifyDashboard/Meta shopify report with adset data - Jan_26.csv
DTC_Meowsi_Conv,DTC_Meowsi_Video_TaurineFtNishad_Dec08,DTC_Meowsi_CatInt – Copy,12,14504.27,-585.95,0,13918.32,294,0,0,49.21,14261.53,2026-01,dashboard_data/SWF-MetaXShopifyDashboard/Meta shopify report with adset data - Jan_26.csv
DTC_Winter'25_Conv,DTC_Winter;25_Static_Jackets_Jan09,DTC_Winter'25_Lifestyle,10,20872.75,-1287.8,0,19584.95,0,0,0,1176.3,20761.25,2026-01,dashboard_data/SWF-MetaXShopifyDashboard/Meta shopify report with adset data - Jan_26.csv
DTC_Winter'25_Conv,DTC_Winter'25_Video_Hershey-PinkSweater_Nov18,DTC_Winter'25_Lifestyle,10,22976.14,-2297.65,0,20678.49,0,0,0,1667.24,22345.73,2026-01,dashboard_data/SWF-MetaXShopifyDashboard/Meta shopify report with adset data - Jan_26.csv
DTC_Winter'25_Conv,DTC_Winter'25_Static_Winterwear_Jan05,DTC_Winter'25_AllAboutPets,10,12663.04,-1080.12,0,11582.92,196,0,0,1039.76,12818.68,2026-01,dashboard_data/SWF-MetaXShopifyDashboard/Meta shopify report with adset data - Jan_26.csv
DTC_Winter'25_Conv,DTC_Winter'25_Static_Sweater-WearACuddle_Oct24,DTC_Winter'25_LifestyleCustomer,9,12620.41,-750.21,0,11870.2,147,0,0,362.8,12380.0,2026-01,dashboard_data/SWF-MetaXShopifyDashboard/Meta shopify report with adset data - Jan_26.csv
DTC_Meowsi_Conv,DTC_Meowsi_Video_UTIinWinters_Dec29,DTC_Meowsi_LA-CatFood&Breeds,8,2114.39,-107.25,0,2007.14,392,0,0,84.9,2484.04,2026-01,dashboard_data/SWF-MetaXShopifyDashboard/Meta shopify report with adset data - Jan_26.csv
DTC_Meowsi_Conv,DTC_Meowsi_Video_IntoTheWild-30Sec_Jan20,DTC_Meowsi_CatInt – Copy,8,3783.46,-3.6,0,3779.86,245,0,0,21.3,4046.16,2026-01,dashboard_data/SWF-MetaXShopifyDashboard/Meta shopify report with adset data - Jan_26.csv
DTC_Hearty_Conv_Manual,DTC_Hearty_Video_30Sec-DogFoodNahiFuel_Jan20,DTC_Hearty_Conv_DogHealth,8,21394.56,-1284.46,0,20110.1,49,0,0,154.35,20313.45,2026-01,dashboard_data/SWF-MetaXShopifyDashboard/Meta shopify report with adset data - Jan_26.csv
Hearty_Kibble,Hearty_Kibble_IG_FB,Social,7,16229.86,-298.02,0,15931.84,98,0,0,307.27,16337.11,2026-01,dashboard_data/SWF-MetaXShopifyDashboard/Meta shopify report with adset data - Jan_26.csv
DTC_Winter'25_Conv,DTC_Winter,DTC_Winter'25_Lifestyle,7,19084.98,-1017.24,0,18067.74,0,0,0,454.32,18522.06,2026-01,dashboard_data/SWF-MetaXShopifyDashboard/Meta shopify report with adset data - Jan_26.csv
DTC_Hearty_Conv_Manual,DTC_Hearty_Video_DogFoodEvolution_Dec29,DTC_Hearty_Conv_DogHealth,7,13883.2,-1360.06,0,12523.14,147,0,0,0.0,12670.14,2026-01,dashboard_data/SWF-MetaXShopifyDashboard/Meta shopify report with adset data - Jan_26.csv
DTC_SWF_Conv,DTC_SWF_Video_OurDogsDependOnUs_Dec31,DTC_SWF_IG-LA2,6,11977.24,-557.2,0,11420.04,49,0,0,880.13,12349.17,2026-01,dashboard_data/SWF-MetaXShopifyDashboard/Meta shopify report with adset data - Jan_26.csv
DTC_Hearty_3PAud_Sales,DTC_Hearty_NotMadeInLab_Nov11,DTC_Hearty_ThirdPartyRCFarmOrAcana,6,6431.18,0.0,0,6431.18,147,0,0,304.93,6883.11,2026-01,dashboard_data/SWF-MetaXShopifyDashboard/Meta shopify report with adset data - Jan_26.csv
DTC_Bed,DTC_Beds,DTC_Bed,6,11457.57,-267.9,0,11189.67,0,0,0,138.71,11328.38,2026-01,dashboard_data/SWF-MetaXShopifyDashboard/Meta shopify report with adset data - Jan_26.csv
DTC_Sara.Treats_Conv_May'24,DTC_Sara.Treat_Catalogue_May05,DTC_SaraTreats_Travel,6,7667.85,-43.49,0,7624.36,196,0,0,376.82,8197.18,2026-01,dashboard_data/SWF-MetaXShopifyDashboard/Meta shopify report with adset data - Jan_26.csv
DTC_Sara.Treats_Conv_May'24,DTC_SaraTreats_Video_SundayMonday_Oct13,DTC_SaraTreats_TopStates,6,4075.16,-78.61,0,3996.55,196,0,0,53.11,4245.66,2026-01,dashboard_data/SWF-MetaXShopifyDashboard/Meta shopify report with adset data - Jan_26.csv
DTC_SWF_Conv,DTC_SWF_Video_30SecsBenefitLed_Jan21,DTC_SWF_Conv_478cities,5,998.28,0.0,0,998.28,245,0,0,7.77,1251.05,2026-01,dashboard_data/SWF-MetaXShopifyDashboard/Meta shopify report with adset data - Jan_26.csv
DTC_SWF_Conv,DTC_SWF_Video_SomethingDoneRight_Nov21,DTC_SWF_IndiaDogProducts,5,2608.81,0.0,0,2608.81,196,0,0,52.64,2857.45,2026-01,dashboard_data/SWF-MetaXShopifyDashboard/Meta shopify report with adset data - Jan_26.csv
DTC_Sara.Treats_Conv_May'24,DTC_SaraTreats_Video_Winter-SuperFoods_Dec05,DTC_SaraTreats_TopStates,5,3182.2,-210.7,0,2971.5,196,0,0,0.0,3167.5,2026-01,dashboard_data/SWF-MetaXShopifyDashboard/Meta shopify report with adset data - Jan_26.csv
DTC_SWF_Conv,DTC_SWF_Video_IfYouCouldCook_Nov10,DTC_SWF_IndiaDogProducts,5,7068.6,-398.46,0,6670.14,147,0,0,0.0,6817.14,2026-01,dashboard_data/SWF-MetaXShopifyDashboard/Meta shopify report with adset data - Jan_26.csv
DTC_Winter'25_Conv,DTC_Winter'25_Static_Jackets-out&about_Dec09,DTC_Winter'25_LifestyleCustomer,5,8530.69,-258.63,0,8272.06,49,0,0,244.71,8565.77,2026-01,dashboard_data/SWF-MetaXShopifyDashboard/Meta shopify report with adset data - Jan_26.csv
DTC_CLH_Conv_06Aug,DTC_CLH_Video_WalkMateHarness_Jan02,DTC_CLH_CONV_India_OldPerfAud,5,7800.73,-1008.29,0,6792.44,98,0,0,49.06,6939.5,2026-01,dashboard_data/SWF-MetaXShopifyDashboard/Meta shopify report with adset data - Jan_26.csv
DTC_SWF_Conv,DTC_SWF_Video_TOFU-BenefitLead_Jan09,DTC_SWF_IndiaDogProducts,4,2433.54,0.0,0,2433.54,147,0,0,148.4,2728.94,2026-01,dashboard_data/SWF-MetaXShopifyDashboard/Meta shopify report with adset data - Jan_26.csv
DTC_SWF_Conv,DTC_SWF_Video_WeDontMakeSameFood_Dec5,DTC_SWF_Conv_478cities,4,3001.65,-44.12,0,2957.53,98,0,0,46.91,3102.44,2026-01,dashboard_data/SWF-MetaXShopifyDashboard/Meta shopify report with adset data - Jan_26.csv
DTC_SWF_Conv,DTC_SWF_Video_ForHealthierHappyLife_Dec26,DTC_SWF_Conv_TopSWFCities,4,3612.41,-337.61,0,3274.8,147,0,0,7.77,3429.57,2026-01,dashboard_data/SWF-MetaXShopifyDashboard/Meta shopify report with adset data - Jan_26.csv
DTC_Hearty_Conv_Manual,DTC_HeartyB_Video_DoYouKnowFtLoki_Dec08,DTC_Hearty_NewNonFoodAud,3,1266.94,-160.13,0,1106.81,147,0,0,102.35,1356.16,2026-01,dashboard_data/SWF-MetaXShopifyDashboard/Meta shopify report with adset data - Jan_26.csv
DTC_Winter'25_Conv,DTC_Winter'25_Video_SoftJackets_Dec12,DTC_Winter'25_Lifestyle,3,5394.5,-404.68,0,4989.82,0,0,0,0.0,4989.82,2026-01,dashboard_data/SWF-MetaXShopifyDashboard/Meta shopify report with adset data - Jan_26.csv
DTC_SWF_Conv,DTC_SWF_Video_30Secs-InspiredByHome_Jan21,DTC_SWF_IndiaDogProducts,3,8291.67,-250.0,0,8041.67,49,0,0,0.0,8090.67,2026-01,dashboard_data/SWF-MetaXShopifyDashboard/Meta shopify report with adset data - Jan_26.csv
DTC_Bed&MatOld _Manual,DTC_Beds&Mats_Video_RoyalSnooze_Dec15,DTC_Bed&Mats_Conv_DogSummer,3,6682.04,-1002.29,0,5679.75,0,0,0,651.22,6330.97,2026-01,dashboard_data/SWF-MetaXShopifyDashboard/Meta shopify report with adset data - Jan_26.csv
Cat_food_meowsi,IG_sales_bio,Social,3,3159.0,-3.6,0,3155.4,49,0,0,0.0,3204.4,2026-01,dashboard_data/SWF-MetaXShopifyDashboard/Meta shopify report with adset data - Jan_26.csv
DTC_Hearty_Conv_Manual,DTC_Hearty_Video_15Sec-NeedToEvolve_Jan16,DTC_Hearty_NewNonFoodAud,3,7557.1,0.0,0,7557.1,98,0,0,0.0,7655.1,2026-01,dashboard_data/SWF-MetaXShopifyDashboard/Meta shopify report with adset data - Jan_26.csv
DTC_Winter'25_Conv,DTC_Winter'25_Static_Jackets-ChilliMornings_Nov18,DTC_Winter'25_LifestyleCustomer,2,2748.0,-359.77,0,2388.23,0,0,0,0.0,2388.23,2026-01,dashboard_data/SWF-MetaXShopifyDashboard/Meta shopify report with adset data - Jan_26.csv
DTC_Hearty_Conv_Manual,DTC_HeartyK_Video_NoFoulSmell_Nov18,DTC_Hearty_Conv_DogHealth,2,2049.0,0.0,0,2049.0,49,0,0,0.0,2098.0,2026-01,dashboard_data/SWF-MetaXShopifyDashboard/Meta shopify report with adset data - Jan_26.csv
DTC_Bed&MatOld _Manual,DTC_Bed&Mats_Video_ForDeeperSleep_Jan30,DTC_Bed&Mats_Conv_DogSummer,2,7298.3,-314.89,0,6983.41,0,0,0,0.0,6983.41,2026-01,dashboard_data/SWF-MetaXShopifyDashboard/Meta shopify report with adset data - Jan_26.csv
DTC_NutriMeow_Conv,DTC_NutriMeow_Video_Rs65MeinKyaMilega_Jan21,DTC_NutriMeow_Cat,2,1673.07,-233.06,0,1440.01,49,0,0,10.73,1499.74,2026-01,dashboard_data/SWF-MetaXShopifyDashboard/Meta shopify report with adset data - Jan_26.csv
DTC_Sara.Treats_Conv_May'24,DTC_SaraTreats_Video_Lamb_Jerky_3_Dec_Am,DTC_SaraTreats_Travel&Dog,1,444.06,0.0,0,444.06,49,0,0,39.97,533.03,2026-01,dashboard_data/SWF-MetaXShopifyDashboard/Meta shopify report with adset data - Jan_26.csv
DTC_Hearty_ASC_Catalogue_Oct1,DTC_Hearty_Catalogue_HUFTFrame_Oct01,DTC_Hearty_ASC_Cat_3P,1,299.0,0.0,0,299.0,49,0,0,0.0,348.0,2026-01,dashboard_data/SWF-MetaXShopifyDashboard/Meta shopify report with adset data - Jan_26.csv
DTC_Winter'25_Conv,DTC_Winter'25_Static_FeelingTheChill_Oct31,DTC_Winter'25_AllAboutPets,1,1899.0,-284.85,0,1614.15,0,0,0,0.0,1614.15,2026-01,dashboard_data/SWF-MetaXShopifyDashboard/Meta shopify report with adset data - Jan_26.csv
DTC_Sara_Conv_PP_Jun23 Campaign,DTC_SaraBoosters_Video_ExtraCare_Jan22,DTC_Sara_Conv_PP_Jun23 Ad Set,1,1147.0,0.0,0,1147.0,0,0,0,0.0,1147.0,2026-01,dashboard_data/SWF-MetaXShopifyDashboard/Meta shopify report with adset data - Jan_26.csv
DTC_Winter'25_Conv,DTC_Winter'25_Static_CosiestComfiestPetBeds_Nov03,DTC_Winter'25_Lifestyle,1,4426.4,-150.0,0,4276.4,0,0,0,0.0,4276.4,2026-01,dashboard_data/SWF-MetaXShopifyDashboard/Meta shopify report with adset data - Jan_26.csv
DTC_Meowsi_Conv,DTC_Meowsi_Video_RealMeat,DTC_Meowsi_CatInt – Copy,1,139.0,0.0,0,139.0,49,0,0,0.0,188.0,2026-01,dashboard_data/SWF-MetaXShopifyDashboard/Meta shopify report with adset data - Jan_26.csv
DTC_Meowsi_Conv,52524410192277,DTC_Meowsi_LA-CatFood&Breeds,1,1527.6,0.0,0,1527.6,0,0,0,0.0,1527.6,2026-01,dashboard_data/SWF-MetaXShopifyDashboard/Meta shopify report with adset data - Jan_26.csv
DTC_Hearty_Conv_Manual,DTC_HeartyK_Video_JaliHuiBread_N0v24,DTC_Hearty_NewNonFoodAud,1,250.0,0.0,0,250.0,49,0,0,0.0,299.0,2026-01,dashboard_data/SWF-MetaXShopifyDashboard/Meta shopify report with adset data - Jan_26.csv
DTC_Hearty_3PAud_Sales,DTC_Hearty_Vidoe_3PTOFU-NeedToEvolve_Jan12,DTC_Hearty_ThirdPartyRCFarmOrAcana,1,3399.0,0.0,0,3399.0,0,0,0,0.0,3399.0,2026-01,dashboard_data/SWF-MetaXShopifyDashboard/Meta shopify report with adset data - Jan_26.csv
DTC_Bed&MatOld _Manual,DTC_Bed&Mats_Video_Compilation-DreamInColor_Oct03,DTC_Bed&Mats_Conv_DogSummer,1,961.36,0.0,0,961.36,0,0,0,173.04,1134.4,2026-01,dashboard_data/SWF-MetaXShopifyDashboard/Meta shopify report with adset data - Jan_26.csv
DTC_SWF_Conv,DTC_SWF_Video_SonalikaTestimonial_Oct30,DTC_SWF_IndiaDogProducts,1,188.1,0.0,0,188.1,49,0,0,0.0,237.1,2026-01,dashboard_data/SWF-MetaXShopifyDashboard/Meta shopify report with adset data - Jan_26.csv
DTC_Hearty_Conv_Manual,DTC_Hearty_Vidoe_TOFU-NeedToEvolve_Jan09,DTC_Hearty_NewNonFoodAud,1,269.1,0.0,0,269.1,49,0,0,0.0,318.1,2026-01,dashboard_data/SWF-MetaXShopifyDashboard/Meta shopify report with adset data - Jan_26.csv
eoss_ginger_the_golden_pup,,story_promotion,1,2198.3,-150.0,0,2048.3,0,0,0,0.0,2048.3,2026-01,dashboard_data/SWF-MetaXShopifyDashboard/Meta shopify report with adset data - Jan_26.csv
DTC_Sara_Conv_PP_Jun23 Campaign,DTC_SaraBoosters_Video_Bone,DTC_Sara_Conv_PP_Jun23 Ad Set,1,349.0,0.0,0,349.0,49,0,0,0.0,398.0,2026-01,dashboard_data/SWF-MetaXShopifyDashboard/Meta shopify report with adset data - Jan_26.csv
DTC_Winter'25_Conv,DTC_Winter'25_Video_JacketsComp_Nov21,DTC_Winter'25_Lifestyle,1,1499.0,-224.85,0,1274.15,0,0,0,0.0,1274.15,2026-01,dashboard_data/SWF-MetaXShopifyDashboard/Meta shopify report with adset data - Jan_26.csv
DTC_Hearty_Conv_Manual,DTC_Hearty_Video_GravyConsistencySam_Nov6_Group_1,DTC_Hearty_Conv_DogHealth,1,803.55,-40.17,0,763.38,0,0,0,137.41,900.79,2026-01,dashboard_data/SWF-MetaXShopifyDashboard/Meta shopify report with adset data - Jan_26.csv
DTC_Sara.Treats_Conv_May'24,DTC_SaraTreats_Video_CompilationTestimonials_Jan13,DTC_SaraTreats_Travel,1,428.0,0.0,0,428.0,49,0,0,0.0,477.0,2026-01,dashboard_data/SWF-MetaXShopifyDashboard/Meta shopify report with adset data - Jan_26.csv
DTC_Yakies_Manual,DTC_Yakies_Video_YakiesCompilation_Oct28,DTC_Yakies_DogDental,412,122696.45,-10424.69,0,112271.76,18669,0,0,2415.21,133355.97,2026-02,dashboard_data/SWF-MetaXShopifyDashboard/Meta Shopify report with Adset data - feb_26.csv
DTC_HUFT_OutletSale,DTC_HUFTOutletSale_Catalogue_Oct08,DTC_HUFTOutletSale_Pet,232,178358.87,-11133.68,0,167225.19,6909,0,0,4292.16,178426.35,2026-02,dashboard_data/SWF-MetaXShopifyDashboard/Meta Shopify report with Adset data - feb_26.csv
DTC_Yakies_Manual,DTC_Yakies_Video_IndustrialGlues_Jan14,DTC_Yakies_DogDental,133,40425.53,-1594.28,0,38831.25,6076,0,0,412.22,45319.47,2026-02,dashboard_data/SWF-MetaXShopifyDashboard/Meta Shopify report with Adset data - feb_26.csv
DTC_HUFTGourmetToys_Conv,DTC_HUFTToys_Video_ValentineToys_Feb05,DTC_HUFTGourmetToys_PetToys,123,123104.84,-9275.24,0,113829.6,2695,0,0,3804.87,120329.47,2026-02,dashboard_data/SWF-MetaXShopifyDashboard/Meta Shopify report with Adset data - feb_26.csv
DTC_YIMT_Conv_PP,DTC_YIMT_Video_GlutenFree_Feb17,DTC_YIMT_Conv_Dog-In_PP,103,41822.11,-1231.26,0,40590.85,4508,0,0,447.68,45546.53,2026-02,dashboard_data/SWF-MetaXShopifyDashboard/Meta Shopify report with Adset data - feb_26.csv
Social_Bio,Social_IG_sales,Social,96,188303.88,-5478.66,0,182825.22,931,0,0,3512.11,187268.33,2026-02,dashboard_data/SWF-MetaXShopifyDashboard/Meta Shopify report with Adset data - feb_26.csv
DTC_YIMT_Conv_PP,DTC_YIMT_Video-GotMyEyesOnThePrice_Dec08,DTC_YIMT_Conv_Dog-In_PP,79,42760.8,-758.18,0,42002.62,3234,0,0,1175.23,46411.85,2026-02,dashboard_data/SWF-MetaXShopifyDashboard/Meta Shopify report with Adset data - feb_26.csv
DTC_Remarketing_catalog_PV,DTC_Retargeting_CustomCatalogue_PV30_Apr24,DTC_Retargeting_CustomCatalogue_NewPV_30Days,63,112757.61,-3606.97,0,109150.64,1519,0,0,1234.95,111904.59,2026-02,dashboard_data/SWF-MetaXShopifyDashboard/Meta Shopify report with Adset data - feb_26.csv
DTC_SWF_Conv,DTC_SWF_Video_Biryani:LoveLanguage_Feb04,DTC_SWF_Conv_TopSWFCities,63,38850.45,-1959.97,0,36890.48,2401,0,0,590.4,39881.88,2026-02,dashboard_data/SWF-MetaXShopifyDashboard/Meta Shopify report with Adset data - feb_26.csv
DTC_Sara.Treats_Conv_May'24,DTC_HUFTTreats_Video_WorldOfHUFTTreats_Jan12,DTC_SaraTreats_TopStates,59,41901.96,-1977.64,0,39924.32,1862,0,0,1523.58,43309.9,2026-02,dashboard_data/SWF-MetaXShopifyDashboard/Meta Shopify report with Adset data - feb_26.csv
DTC_SWF_Conv,DTC_SWF_15Sec-RightDietChangesEverything_Feb18,DTC_SWF_IG-LA2,52,17944.25,-193.05,0,17751.2,2303,0,0,255.95,20310.15,2026-02,dashboard_data/SWF-MetaXShopifyDashboard/Meta Shopify report with Adset data - feb_26.csv
DTC_SWF_Conv,DTC_SWF_winter_issues_rashi_Dec23_AM,DTC_SWF_IndiaDogProducts,49,76069.82,-3092.46,0,72977.36,882,0,0,1155.65,75015.01,2026-02,dashboard_data/SWF-MetaXShopifyDashboard/Meta Shopify report with Adset data - feb_26.csv
DTC_YIMT_Conv_PP,DTC_YIMT_Video_PumpkinMeetsCarrot_Nov19,DTC_YIMT_Conv_Dog-In_PP,46,20551.94,-2032.38,0,18519.56,2009,0,0,217.9,20746.46,2026-02,dashboard_data/SWF-MetaXShopifyDashboard/Meta Shopify report with Adset data - feb_26.csv
DTC_SWF_Conv,DTC_SWF_Video_30Secs-EverythignChangesWithDiet_Feb18,DTC_SWF_Conv_478cities,42,18956.3,-551.82,0,18404.48,1617,0,0,557.24,20578.72,2026-02,dashboard_data/SWF-MetaXShopifyDashboard/Meta Shopify report with Adset data - feb_26.csv
DTC_SWF_Conv,DTC_SWF_Video_ReviewThatMatters_Dec26,DTC_SWF_Conv_478cities,34,42805.77,-2386.06,0,40419.71,882,0,0,750.17,42051.88,2026-02,dashboard_data/SWF-MetaXShopifyDashboard/Meta Shopify report with Adset data - feb_26.csv
Social_Bio,IG_sales_bio,Social,30,41089.31,-963.58,0,40125.73,735,0,0,734.44,41595.17,2026-02,dashboard_data/SWF-MetaXShopifyDashboard/Meta Shopify report with Adset data - feb_26.csv
DTC_Hearty_Conv_Manual,DTC_HeartyK_Video_SamPoppins_Nov13,DTC_Hearty_NewNonFoodAud,27,27097.9,-2149.57,0,24948.33,833,0,0,643.89,26425.22,2026-02,dashboard_data/SWF-MetaXShopifyDashboard/Meta Shopify report with Adset data - feb_26.csv
{{campaign.name}},{{ad.name}},{{adset.name}},26,9554.29,-627.18,0,8927.11,1078,0,0,209.48,10214.59,2026-02,dashboard_data/SWF-MetaXShopifyDashboard/Meta Shopify report with Adset data - feb_26.csv
DTC_SWF_Conv,DTC_SWF_Video_30Secs-Anmol'sTestimonial_Feb04,DTC_SWF_Conv_478cities,24,10262.92,-1296.52,0,8966.4,980,0,0,77.47,10023.87,2026-02,dashboard_data/SWF-MetaXShopifyDashboard/Meta Shopify report with Adset data - feb_26.csv
DTC_YIMT_Conv_PP,DTC_YIMT_Static_RealChicken&Veggies_Feb11,DTC_YIMT_Conv_Dog-In_PP,24,12954.65,-385.76,0,12568.89,931,0,0,499.31,13999.2,2026-02,dashboard_data/SWF-MetaXShopifyDashboard/Meta Shopify report with Adset data - feb_26.csv
DTC_CLH_Conv_06Aug,DTC_CLH_Video_WalkMateHarness_Jan02,DTC_CLH_CONV_India_OldPerfAud,22,53699.95,-2775.05,0,50924.9,245,0,0,424.44,51594.34,2026-02,dashboard_data/SWF-MetaXShopifyDashboard/Meta Shopify report with Adset data - feb_26.csv
DTC_Sara.Treats_Conv_May'24,DTC_Sara.Treat_Catalogue_May05,DTC_SaraTreats_Travel&Dog,22,23987.09,-689.31,0,23297.78,490,0,0,1111.87,24899.65,2026-02,dashboard_data/SWF-MetaXShopifyDashboard/Meta Shopify report with Adset data - feb_26.csv
DTC_Hearty_Conv_Manual,DTC_HeartyK_Video_ForTheLoveFtWaffle-15Secs_Feb18,DTC_Hearty_NewNonFoodAud,17,12465.39,-175.88,0,12289.51,539,0,0,323.92,13152.43,2026-02,dashboard_data/SWF-MetaXShopifyDashboard/Meta Shopify report with Adset data - feb_26.csv
DTC_Bed&MatOld _Manual,DTC_Bed&Mats_Video_ForDeeperSleep_Jan30,DTC_Bed&Mats_Conv_DogSummer,17,49174.52,-2091.55,0,47082.97,0,0,0,2492.6,49575.57,2026-02,dashboard_data/SWF-MetaXShopifyDashboard/Meta Shopify report with Adset data - feb_26.csv
DTC_CatTreats_Conv,DTC_CatTreats_Video_What'sInside_Jan30,DTC_CatTreats_CatBreeds_Jan30,15,10454.79,-37.57,0,10417.22,686,0,0,716.96,11820.18,2026-02,dashboard_data/SWF-MetaXShopifyDashboard/Meta Shopify report with Adset data - feb_26.csv
DTC_SWF_Conv,DTC_SWF_Static_MealsAtRs.99_Feb11,DTC_SWF_IndiaDogProducts,14,7142.2,-104.82,0,7037.38,539,0,0,0.0,7576.38,2026-02,dashboard_data/SWF-MetaXShopifyDashboard/Meta Shopify report with Adset data - feb_26.csv
DTC_NutriMeow_Conv,DTC_NutriMeow_Video_Rs65MeinKyaMilega_Jan21,DTC_NutriMeow_Cat,13,8098.78,-499.54,0,7599.24,490,0,0,252.48,8341.72,2026-02,dashboard_data/SWF-MetaXShopifyDashboard/Meta Shopify report with Adset data - feb_26.csv
DTC_Meowsi_Conv,DTC_Meowsi-Video_30Sec-Riya'sTestimonial_Feb05,DTC_Meowsi_CatInt – Copy,12,8624.82,-576.13,0,8048.69,392,0,0,415.07,8855.76,2026-02,dashboard_data/SWF-MetaXShopifyDashboard/Meta Shopify report with Adset data - feb_26.csv
DTC_SWF_Conv,DTC_SWF_Video_30SecsBenefitLed_Jan21,DTC_SWF_Conv_478cities,12,6817.57,-392.48,0,6425.09,441,0,0,175.86,7041.95,2026-02,dashboard_data/SWF-MetaXShopifyDashboard/Meta Shopify report with Adset data - feb_26.csv
DTC_Meowsi_Conv,DTC_Meowsi_Video_30Sec-CatnipTreats_Feb18,DTC_Meowsi_CatInt,11,5119.77,-150.0,0,4969.77,490,0,0,65.68,5525.45,2026-02,dashboard_data/SWF-MetaXShopifyDashboard/Meta Shopify report with Adset data - feb_26.csv
DTC_Meowsi_Conv,DTC_Meowsi_Video_IntoTheWild-30Sec_Jan20,DTC_Meowsi_CatInt – Copy,10,4538.51,-349.01,0,4189.5,441,0,0,20.41,4650.91,2026-02,dashboard_data/SWF-MetaXShopifyDashboard/Meta Shopify report with Adset data - feb_26.csv
DTC_Meowsi_Conv,DTC_Meowsi_Static_3TemptingTextures_Feb11,DTC_Meowsi_CatInt – Copy,9,9458.72,-15.0,0,9443.72,147,0,0,164.82,9755.54,2026-02,dashboard_data/SWF-MetaXShopifyDashboard/Meta Shopify report with Adset data - feb_26.csv
DTC_CLH_Conv_06Aug,DTC_CLH_Video_HarnessFtPhoebe_Feb20,DTC_CLH_CONV_India_OldPerfAud,9,14779.68,0.0,0,14779.68,49,0,0,0.0,14828.68,2026-02,dashboard_data/SWF-MetaXShopifyDashboard/Meta Shopify report with Adset data - feb_26.csv
DTC_HUFTTreats_Conv_Feb11,DTC_HuftDogTreats_Video_ValentneDay_Feb11,DTC_HUFTDogTreats_DogFood_Feb11,8,3824.15,-90.0,0,3734.15,343,0,0,0.0,4077.15,2026-02,dashboard_data/SWF-MetaXShopifyDashboard/Meta Shopify report with Adset data - feb_26.csv
DTC_Meowsi_Conv,DTC_Meowsi_Video_WinterPoblems_Dec11,DTC_Meowsi_CatInt,8,1509.0,0.0,0,1509.0,392,0,0,0.0,1901.0,2026-02,dashboard_data/SWF-MetaXShopifyDashboard/Meta Shopify report with Adset data - feb_26.csv
Hearty_Kibble,Hearty_Kibble_IG_FB,Social,8,14822.14,-150.0,0,14672.14,147,0,0,33.21,14852.35,2026-02,dashboard_data/SWF-MetaXShopifyDashboard/Meta Shopify report with Adset data - feb_26.csv
DTC_Hearty_3PAud_Sales,DTC_Hearty_Video_15Sec-DogFoodNahIfUEL_jAN16,DTC_Hearty_ThirdPartyRCFarmOrAcana,8,14336.66,-479.94,0,13856.72,0,0,0,148.54,14005.26,2026-02,dashboard_data/SWF-MetaXShopifyDashboard/Meta Shopify report with Adset data - feb_26.csv
DTC_Meowsi_Conv,DTC_Meowsi_Video_RealMeat&SeaFood_Nov17,DTC_Meowsi_CatInt – Copy,7,1862.35,-14.9,0,1847.45,294,0,0,10.65,2152.1,2026-02,dashboard_data/SWF-MetaXShopifyDashboard/Meta Shopify report with Adset data - feb_26.csv
DTC_HUFTTreats_Conv_Feb11,DTC_HUFTDogTreats_Static_TreatWithLove_Feb11,DTC_HUFTDogTreats_DogFood_Feb11,7,8344.72,-381.17,0,7963.55,147,0,0,0.0,8110.55,2026-02,dashboard_data/SWF-MetaXShopifyDashboard/Meta Shopify report with Adset data - feb_26.csv
DTC_SWF_Conv,DTC_SWF_Video_Biryani-LoveLanguage_Feb11,DTC_SWF_Conv_TopSWFCities,6,4333.55,-283.65,0,4049.9,196,0,0,0.0,4245.9,2026-02,dashboard_data/SWF-MetaXShopifyDashboard/Meta Shopify report with Adset data - feb_26.csv
DTC_Hearty_3PAud_Sales,DTC_Hearty_ThirdParty_Video_ValentineSpecial_Feb13,DTC_Hearty_ThirdPartyRCFarmOrAcana,5,12132.96,-353.72,0,11779.24,98,0,0,0.0,11877.24,2026-02,dashboard_data/SWF-MetaXShopifyDashboard/Meta Shopify report with Adset data - feb_26.csv
DTC_Hearty_3PAud_Sales,DTC_Hearty_ProcessFullFtMohit_Feb05,DTC_Hearty_ThirdPartyRCFarmOrAcana,5,5750.35,-214.02,0,5536.33,147,0,0,0.0,5683.33,2026-02,dashboard_data/SWF-MetaXShopifyDashboard/Meta Shopify report with Adset data - feb_26.csv
DTC_Meowsi_Conv,DTC_Meowsi_CatnipTreats-15Secs_Feb18,DTC_Meowsi_CatInt – Copy,5,1798.66,-44.7,0,1753.96,245,0,0,11.69,2010.65,2026-02,dashboard_data/SWF-MetaXShopifyDashboard/Meta Shopify report with Adset data - feb_26.csv
DTC_SWF_Conv,DTC_SWF_Static_BenefitLed_Feb11,DTC_SWF_Conv_478cities,5,3971.8,-82.05,0,3889.75,196,0,0,165.2,4250.95,2026-02,dashboard_data/SWF-MetaXShopifyDashboard/Meta Shopify report with Adset data - feb_26.csv
DTC_Sara.Treats_Conv_May'24,DTC_SaraTreats_Video_Winter-SuperFoods_Dec05,DTC_SaraTreats_TopStates,5,2732.42,-197.94,0,2534.48,196,0,0,0.0,2730.48,2026-02,dashboard_data/SWF-MetaXShopifyDashboard/Meta Shopify report with Adset data - feb_26.csv
DTC_Sara.Treats_Conv_May'24,DTC_SaraTreats_Video_PhirSeChickenFtPinky_Nov24,DTC_SaraTreats_TopStates,4,4300.63,-437.25,0,3863.38,49,0,0,0.0,3912.38,2026-02,dashboard_data/SWF-MetaXShopifyDashboard/Meta Shopify report with Adset data - feb_26.csv
DTC_SWF_Conv,DTC_SWF_Video_15Secs-NoTerms&Conditions_Feb04,DTC_SWF_IG-LA2,4,1404.8,-133.65,0,1271.15,147,0,0,0.0,1418.15,2026-02,dashboard_data/SWF-MetaXShopifyDashboard/Meta Shopify report with Adset data - feb_26.csv
DTC_SWF_Conv,DTC_SWF_Video_Rs.99FtRashi_Jan16,DTC_SWF_IG-LA2,4,2009.42,-16.4,0,1993.02,147,0,0,0.0,2140.02,2026-02,dashboard_data/SWF-MetaXShopifyDashboard/Meta Shopify report with Adset data - feb_26.csv
DTC_Sara_Conv_PP_Jun23 Campaign,DTC_SaraBoosters_Video_Bone&Supplements_Dec5,DTC_Sara_Conv_PP_Jun23 Ad Set,4,1945.0,-39.9,0,1905.1,147,0,0,0.0,2052.1,2026-02,dashboard_data/SWF-MetaXShopifyDashboard/Meta Shopify report with Adset data - feb_26.csv
DTC_SWF_Conv,DTC_SWF_Video_15Secs-Anmol'sTestimonial_Feb4,DTC_SWF_IG-LA2,4,1497.71,-60.2,0,1437.51,196,0,0,61.42,1694.93,2026-02,dashboard_data/SWF-MetaXShopifyDashboard/Meta Shopify report with Adset data - feb_26.csv
DTC_CatTreats_Conv,DTC_CatTreats_Static_TreatWithLove_Feb12,DTC_CatTreats_CatBreeds_Jan30,3,1455.2,-29.14,0,1426.06,147,0,0,0.0,1573.06,2026-02,dashboard_data/SWF-MetaXShopifyDashboard/Meta Shopify report with Adset data - feb_26.csv
DTC_Hearty_Conv_Manual,DTC_HeartyK_Video_DogFoodChupanaKyu_Dec31,DTC_Hearty_Conv_DogHealth,3,4267.1,0.0,0,4267.1,49,0,0,0.0,4316.1,2026-02,dashboard_data/SWF-MetaXShopifyDashboard/Meta Shopify report with Adset data - feb_26.csv
DTC_YIMT_Conv_PP,DTC_YIMT_Video_Testimonials_Jan14,DTC_YIMT_Conv_Dog-In_PP,3,773.87,-83.07,0,690.8,147,0,0,68.95,906.75,2026-02,dashboard_data/SWF-MetaXShopifyDashboard/Meta Shopify report with Adset data - feb_26.csv
DTC_NutriMeow_Conv,DTC_NutriMeow_Static_JUstRs65_Feb11,DTC_NutriMeow_Cat,3,849.0,-78.6,0,770.4,147,0,0,0.0,917.4,2026-02,dashboard_data/SWF-MetaXShopifyDashboard/Meta Shopify report with Adset data - feb_26.csv
DTC_YIMT_Conv_PP,DTC_YIMT_Static_RealChicken,DTC_YIMT_Conv_Dog-In_PP,3,1294.36,-11.25,0,1283.11,98,0,0,0.0,1381.11,2026-02,dashboard_data/SWF-MetaXShopifyDashboard/Meta Shopify report with Adset data - feb_26.csv
DTC_HUFTGourmetToys_Conv,DTC_HUFTToys_Static_EOSS_Jan05,DTC_HUFTGourmetToys_PetToys,3,2575.2,-219.39,0,2355.81,49,0,0,0.0,2404.81,2026-02,dashboard_data/SWF-MetaXShopifyDashboard/Meta Shopify report with Adset data - feb_26.csv
Cat_food_meowsi,IG_sales_bio,Social,3,1897.96,-23.79,0,1874.17,98,0,0,24.77,1996.94,2026-02,dashboard_data/SWF-MetaXShopifyDashboard/Meta Shopify report with Adset data - feb_26.csv
DTC_Sara.Treats_Conv_May'24,DTC_Sara.Treat_Catalogue_May05,DTC_SaraTreats_Travel,3,1155.36,0.0,0,1155.36,147,0,0,0.0,1302.36,2026-02,dashboard_data/SWF-MetaXShopifyDashboard/Meta Shopify report with Adset data - feb_26.csv
DTC_SWF_Conv,DTC_SWF_VIdeo_30Secs-NoTerms&Conditions_Feb04,DTC_SWF_IndiaDogProducts,2,941.7,-121.9,0,819.8,98,0,0,0.0,917.8,2026-02,dashboard_data/SWF-MetaXShopifyDashboard/Meta Shopify report with Adset data - feb_26.csv
DTC_YIMT_Conv_PP,DTC_YIMT_Video_PickingTheRightMunchies-Feb04,DTC_YIMT_Conv_Dog-In_PP,2,659.3,-67.5,0,591.8,98,0,0,0.0,689.8,2026-02,dashboard_data/SWF-MetaXShopifyDashboard/Meta Shopify report with Adset data - feb_26.csv
DTC_SWF_Conv,DTC_SWF_30Sec-Rs.99PerMealFtRashi_Jan21,DTC_SWF_Metros_BrandFilm,2,228.0,-14.85,0,213.15,98,0,0,0.0,311.15,2026-02,dashboard_data/SWF-MetaXShopifyDashboard/Meta Shopify report with Adset data - feb_26.csv
DTC_SWF_Conv,DTC_SWF_Video_15secs-InspiredByHome_Jan21,DTC_SWF_Conv_TopSWFCities,2,5319.44,-288.83,0,5030.61,0,0,0,0.0,5030.61,2026-02,dashboard_data/SWF-MetaXShopifyDashboard/Meta Shopify report with Adset data - feb_26.csv
DTC_NutriMeow_Conv,DTC_NutriMeow_Video_Cat'sStool_Dec30,DTC_NutriMeow_Cat,1,390.0,0.0,0,390.0,49,0,0,0.0,439.0,2026-02,dashboard_data/SWF-MetaXShopifyDashboard/Meta Shopify report with Adset data - feb_26.csv
DTC_NutriMeow_Conv,DTC_Nutrimeow_Video_5ReasonsToSwitch_Feb20,DTC_NutriMeow_Cat,1,1039.7,0.0,0,1039.7,0,0,0,0.0,1039.7,2026-02,dashboard_data/SWF-MetaXShopifyDashboard/Meta Shopify report with Adset data - feb_26.csv
DTC_CLH_Conv_06Aug,DTC_CLH_EOSS_Jan05,DTC_CLH_CONV_India_OldPerfAud,1,2403.0,-120.13,0,2282.87,0,0,0,0.0,2282.87,2026-02,dashboard_data/SWF-MetaXShopifyDashboard/Meta Shopify report with Adset data - feb_26.csv
DTC_Hearty_3PAud_Sales,DTC_Hearty_Static_DogFoodNahiFuel_Feb11,DTC_Hearty_ThirdPartyRCFarmOrAcana,1,697.3,-17.41,0,679.89,49,0,0,0.0,728.89,2026-02,dashboard_data/SWF-MetaXShopifyDashboard/Meta Shopify report with Adset data - feb_26.csv
DTC_HUFTTreats_Conv_Feb11,DTC_HUFTDogTreats_Static_HealthyDogTreat_Feb11,DTC_HUFTDogTreats_DogFood_Feb11,1,373.32,-18.65,0,354.67,49,0,0,63.84,467.51,2026-02,dashboard_data/SWF-MetaXShopifyDashboard/Meta Shopify report with Adset data - feb_26.csv
DTC_Hearty_Conv_Manual,DTC_Hearty_Video_GravyConsistencySam_Nov6_Group_1,DTC_Hearty_Conv_DogHealth,1,1141.13,0.0,0,1141.13,0,0,0,205.4,1346.53,2026-02,dashboard_data/SWF-MetaXShopifyDashboard/Meta Shopify report with Adset data - feb_26.csv
DTC_Meowsi_Conv,DTC_Meowsi_Video_UTIinWinters_Dec29,DTC_Meowsi_LA-CatFood&Breeds,1,149.0,-22.35,0,126.65,49,0,0,0.0,175.65,2026-02,dashboard_data/SWF-MetaXShopifyDashboard/Meta Shopify report with Adset data - feb_26.csv
DTC_Meowsi_Conv,DTC_Meowsi_15Sec-Riya'sTestimonial_Feb05,DTC_Meowsi_CatInt,1,659.0,-18.0,0,641.0,49,0,0,0.0,690.0,2026-02,dashboard_data/SWF-MetaXShopifyDashboard/Meta Shopify report with Adset data - feb_26.csv
DTC_Meowsi_Conv,DTC_Meowsi_Static_CatnipTreatsForAnxiety_Feb20,DTC_Meowsi_CatInt,1,707.75,-35.38,0,672.37,49,0,0,0.0,721.37,2026-02,dashboard_data/SWF-MetaXShopifyDashboard/Meta Shopify report with Adset data - feb_26.csv
DTC_SWF_Conv,DTC_SWF_Video_30Secs-InspiredByHome_Jan21,DTC_SWF_IndiaDogProducts,1,3159.2,-150.0,0,3009.2,0,0,0,0.0,3009.2,2026-02,dashboard_data/SWF-MetaXShopifyDashboard/Meta Shopify report with Adset data - feb_26.csv
DTC_Sara.Treats_Conv_May'24,DTC_SaraTreats_Video_CompilationTestimonials_Jan13,DTC_SaraTreats_Travel&Dog,1,366.05,-54.9,0,311.15,49,0,0,28.0,388.15,2026-02,dashboard_data/SWF-MetaXShopifyDashboard/Meta Shopify report with Adset data - feb_26.csv
DTC_SWF_Conv,DTC_SWF_Video_WeDontMakeSameFood_Dec5,DTC_SWF_Conv_478cities,1,950.0,0.0,0,950.0,0,0,0,0.0,950.0,2026-02,dashboard_data/SWF-MetaXShopifyDashboard/Meta Shopify report with Adset data - feb_26.csv
DTC_Sara_Conv_PP_Jun23 Campaign,DTC_SB_Video_DogsWillBeDogs_July08,DTC_Sara_Conv_PP_Jun23 Ad Set,1,2226.0,0.0,0,2226.0,0,0,0,0.0,2226.0,2026-02,dashboard_data/SWF-MetaXShopifyDashboard/Meta Shopify report with Adset data - feb_26.csv
DTC_Bed,DTC_Bed,DTC_Bed,1,3899.0,-150.0,0,3749.0,0,0,0,0.0,3749.0,2026-02,dashboard_data/SWF-MetaXShopifyDashboard/Meta Shopify report with Adset data - feb_26.csv
DTC_Sara.Treats_Conv_May'24,DTC_SaraTreats_Video_CompilationTestimonials_Jan13,DTC_SaraTreats_Travel,1,109.32,-5.46,0,103.86,49,0,0,18.69,171.55,2026-02,dashboard_data/SWF-MetaXShopifyDashboard/Meta Shopify report with Adset data - feb_26.csv
DTC_Sara_Conv_PP_Jun23 Campaign,DTC_SaraBoosters_Video_ExtraCare_Jan22,DTC_Sara_Conv_PP_Jun23 Ad Set,1,349.0,-17.45,0,331.55,49,0,0,0.0,380.55,2026-02,dashboard_data/SWF-MetaXShopifyDashboard/Meta Shopify report with Adset data - feb_26.csv
DTC_Hearty_3PAud_Sales,DTC_HeartyK_Static_RealLoveTakesEffort_Feb11,DTC_Hearty_ThirdPartyRCFarmOrAcana,1,500.0,0.0,0,500.0,49,0,0,0.0,549.0,2026-02,dashboard_data/SWF-MetaXShopifyDashboard/Meta Shopify report with Adset data - feb_26.csv
DTC_Hearty_ASC_Catalogue_Oct1,DTC_Hearty_Catalogue_HUFTFrame_Oct01,DTC_Hearty_ASC_Cat_3P,1,524.0,0.0,0,524.0,49,0,0,0.0,573.0,2026-02,dashboard_data/SWF-MetaXShopifyDashboard/Meta Shopify report with Adset data - feb_26.csv
