"Reporting starts","Reporting ends","Campaign name","Campaign delivery","Attribution setting",Results,"Result indicator",Reach,Frequency,"Cost per results","Ad set budget","Ad set budget type","Amount spent (INR)",Ends,Impressions,"CPM (cost per 1,000 impressions) (INR)","Link clicks","CPC (cost per link click) (INR)","CTR (link click-through rate)","CTR (all)","CPC (all) (INR)","Clicks (all)","Purchase ROAS (return on ad spend)","Website purchase ROAS (return on advertising spend)","In-app purchase ROAS (return on ad spend)"
2026-01-01,2026-01-31,DTC_SWF_Conv,active,"Multiple attribution settings",,,3598417,3.084819,,"Using ad set budget",0,775995.84,Ongoing,11100465,69.906607,59372,13.070064,0.53486,1.14015,6.131349,126562,5.32084,4.152152,1.168689
2026-01-01,2026-01-31,DTC_HeartyASC_Conv,inactive,-,,,0,0,,"Using ad set budget",0,0,Ongoing,0,0,,,,0,0,0,,,
2026-01-01,2026-01-31,DTC_DDWalkGear_Conv_Manual,inactive,-,,,0,0,,"Using ad set budget",0,0,Ongoing,0,0,,,,0,0,0,,,
2026-01-01,2026-01-31,"DTC_RetargetingCampaignASC_Conv Campaign",inactive,-,,,0,0,,"Using ad set budget",0,0,Ongoing,0,0,,,,0,0,0,,,
2026-01-01,2026-01-31,"DTC_Bed&MatOld _Manual",active,"7-day click",206,actions:offsite_conversion.fb_pixel_purchase,122282,2.377439,512.24781553,"Using ad set budget",0,105523.05,Ongoing,290718,362.973913,5787,18.2345,1.990589,2.3982,15.135262,6972,4.510255,4.510255,
2026-01-01,2026-01-31,DTC_GiftOfJoy_Manual,inactive,-,,,0,0,,"Using ad set budget",0,0,Ongoing,0,0,,,,0,0,0,,,
2026-01-01,2026-01-31,DTC_Yakies_Manual,active,"7-day click",721,actions:offsite_conversion.fb_pixel_purchase,1990713,3.075171,299.96965326,"Using ad set budget",0,216278.12,Ongoing,6121782,35.329275,22221,9.733051,0.362983,0.528915,6.67958,32379,1.223941,1.223941,
2026-01-01,2026-01-31,"DTC_Winter'24ASC_Conv Campaign",inactive,-,,,0,0,,"Using ad set budget",0,0,Ongoing,0,0,,,,0,0,0,,,
2026-01-01,2026-01-31,"DTC_SaraTreats_ASC_Conv Campaign",inactive,-,,,0,0,,"Using ad set budget",0,0,Ongoing,0,0,,,,0,0,0,,,
2026-01-01,2026-01-31,DTC_Meowsi_LeadGen,inactive,-,,,0,0,,"Using ad set budget",0,0,Ongoing,0,0,,,,0,0,0,,,
2026-01-01,2026-01-31,DTC_Meowsi_Conv,active,"Multiple attribution settings",,,2201351,2.752841,,"Using ad set budget",0,297693.48,Ongoing,6059970,49.12458,33025,9.014186,0.54497,0.873255,5.625456,52919,4.629869,2.562272,2.067596
2026-01-01,2026-01-31,DTC_Remarketing_catalog_PV,active,"7-day click",225,actions:purchase,51151,8.82145,449.05706667,9500,Daily,101037.84,Ongoing,451226,223.91848,6343,15.92903,1.405726,1.531383,14.621974,6910,5.722675,4.432983,1.289692
2026-01-01,2026-01-31,DTC_Raincoats_Conv,inactive,-,,,0,0,,"Using ad set budget",0,0,Ongoing,0,0,,,,0,0,0,,,
2026-01-01,2026-01-31,DTC_YumNums_COnv_Jun25,inactive,-,,,0,0,,"Using ad set budget",0,0,Ongoing,0,0,,,,0,0,0,,,
2026-01-01,2026-01-31,DTC_SWF_ASC_Oct04,inactive,-,,,0,0,,"Using ad set budget",0,0,Ongoing,0,0,,,,0,0,0,,,
2026-01-01,2026-01-31,DTC_HUFTAppDL_Offer,inactive,"1-day click or 1-day view",6124,actions:mobile_app_install,1176151,3.731869,13.8467015,"Using ad set budget",0,84797.2,Ongoing,4389241,19.319331,20217,4.194351,0.460604,0.514781,3.752919,22595,,,
2026-01-01,2026-01-31,DTC_Hearty_3PAud_Sales,active,"7-day click, 1-day view or 1-day engaged view",270,actions:offsite_conversion.fb_pixel_purchase,133777,4.62812,487.39044444,"Using ad set budget",0,131595.42,Ongoing,619136,212.546872,2519,52.241135,0.406857,0.564335,37.663257,3494,5.002163,5.002163,
2026-01-01,2026-01-31,DTC_HUFT_OutletSale,active,"7-day click, 1-day view or 1-day engaged view",280,actions:offsite_conversion.fb_pixel_purchase,154977,2.883763,253.16621429,"Using ad set budget",0,70886.54,Ongoing,446917,158.612315,11801,6.006825,2.640535,2.817973,5.628596,12594,6.741863,6.178005,0.563857
2026-01-01,2026-01-31,DTC_SS'25_HUFT_Conv,inactive,-,,,0,0,,"Using ad set budget",0,0,Ongoing,0,0,,,,0,0,0,,,
2026-01-01,2026-01-31,DTC_Festive'25_Conv,inactive,-,,,0,0,,"Using ad set budget",0,0,Ongoing,0,0,,,,0,0,0,,,
2026-01-01,2026-01-31,DTC_Meowsi_Sampling,inactive,-,,,0,0,,"Using ad set budget",0,0,Ongoing,0,0,,,,0,0,0,,,
2026-01-01,2026-01-31,DTC_Hearty_ASC_Catalogue_Oct1,active,"7-day click, 1-day view or 1-day engaged view",577,actions:purchase,152193,8.213821,208.30783362,"Using ad set budget",0,120193.62,Ongoing,1250086,96.148281,9140,13.150287,0.73115,0.852101,11.283667,10652,12.670395,2.564593,10.105802
2026-01-01,2026-01-31,DTC_GiftOfJoy'25_Manual,inactive,-,,,0,0,,"Using ad set budget",0,0,Ongoing,0,0,,,,0,0,0,,,
2026-01-01,2026-01-31,DTC_Winter'25_Conv,inactive,"7-day click, 1-day view or 1-day engaged view",,,1808991,4.277316,,"Using ad set budget",0,552742.29,Ongoing,7737626,71.435643,38344,14.415353,0.495553,0.743833,9.603723,57555,7.670476,4.879611,2.790865
2026-01-01,2026-01-31,DTC_CatTreats_Conv,active,"7-day click, 1-day view or 1-day engaged view",6,actions:offsite_conversion.fb_pixel_purchase,12917,1.520245,740.50666667,3000,Daily,4443.04,Ongoing,19637,226.258593,181,24.547182,0.921729,1.410602,16.039856,277,2.043713,2.043713,
2026-01-01,2026-01-31,DTC_Destination_Ad_Conversiom_LinkClick_CPC_June22,inactive,-,,,0,0,,"Using ad set budget",0,0,Ongoing,0,0,,,,0,0,0,,,
2026-01-01,2026-01-31,"DTC_Dog_All_Category_Conversions_May22 - Copy",inactive,-,,,0,0,,"Using ad set budget",0,0,Ongoing,0,0,,,,0,0,0,,,
2026-01-01,2026-01-31,DTC_Dog_Interest_Conversion,inactive,-,,,0,0,,"Using ad set budget",0,0,Ongoing,0,0,,,,0,0,0,,,
2026-01-01,2026-01-31,DTC_Retargeting_Brand_CatalogSales_ATC,inactive,-,,,0,0,,"Using ad set budget",0,0,Ongoing,0,0,,,,0,0,0,,,
2026-01-01,2026-01-31,DTC_CLH_Conv_06Aug,active,"7-day click or 1-day view",243,actions:offsite_conversion.fb_pixel_purchase,162798,2.248836,319.26012346,"Using ad set budget",0,77580.21,Ongoing,366106,211.906415,5664,13.697071,1.547093,1.847825,11.46788,6765,5.666771,5.666771,
2026-01-01,2026-01-31,DTC_CatProducts_Conv_08Aug24,inactive,-,,,0,0,,"Using ad set budget",0,0,Ongoing,0,0,,,,0,0,0,,,
2026-01-01,2026-01-31,"DTC_SWF_ASC_Conv Campaign",inactive,-,,,0,0,,"Using ad set budget",0,0,Ongoing,0,0,,,,0,0,0,,,
2026-01-01,2026-01-31,DTC_GoatMilkCookies_Conv,inactive,-,,,0,0,,"Using ad set budget",0,0,Ongoing,0,0,,,,0,0,0,,,
2026-01-01,2026-01-31,"DTC_FestiveCatalogue_ASC Campaign",inactive,-,,,0,0,,"Using ad set budget",0,0,Ongoing,0,0,,,,0,0,0,,,
2026-01-01,2026-01-31,DTC_Winter'24_Conv,inactive,-,,,0,0,,"Using ad set budget",0,0,Ongoing,0,0,,,,0,0,0,,,
2026-01-01,2026-01-31,"DTC_HeartyASC_Conv Campaign",inactive,-,,,0,0,,"Using ad set budget",0,0,Ongoing,0,0,,,,0,0,0,,,
2026-01-01,2026-01-31,DTC_ThirdParty_CatFood_Conv,inactive,-,,,0,0,,"Using ad set budget",0,0,Ongoing,0,0,,,,0,0,0,,,
2026-01-01,2026-01-31,DTC_HUFTGourmetToys_Conv,active,"7-day click",131,actions:offsite_conversion.fb_pixel_purchase,102260,2.100332,478.45778626,"Using ad set budget",0,62677.97,Ongoing,214780,291.824053,3645,17.195602,1.697085,1.892169,15.422729,4064,4.760932,4.760932,
2026-01-01,2026-01-31,DTC_PuppyGrooming_Conv,inactive,-,,,0,0,,"Using ad set budget",0,0,Ongoing,0,0,,,,0,0,0,,,
2026-01-01,2026-01-31,"DTC_MeowsiASC_Conv Campaign",inactive,-,,,0,0,,"Using ad set budget",0,0,Ongoing,0,0,,,,0,0,0,,,
2026-01-01,2026-01-31,DTC_RCVetFood_AppDownloads,inactive,-,,,0,0,,2000,Daily,0,Ongoing,0,0,,,,0,0,0,,,
2026-01-01,2026-01-31,DTC_RCVetFood_AppDownloads_Apr14,inactive,-,,,0,0,,"Using ad set budget",0,0,Ongoing,0,0,,,,0,0,0,,,
2026-01-01,2026-01-31,DTC_ThirdParty_Conv,inactive,-,,,0,0,,"Using ad set budget",0,0,Ongoing,0,0,,,,0,0,0,,,
2026-01-01,2026-01-31,DTC_NutriWag_Conv,inactive,-,,,0,0,,"Using ad set budget",0,0,Ongoing,0,0,,,,0,0,0,,,
2026-01-01,2026-01-31,DTC_TreatsSale_June'25,inactive,-,,,0,0,,4000,Daily,0,Ongoing,0,0,,,,0,0,0,,,
2026-01-01,2026-01-31,DTC_TShirts_Conv,inactive,-,,,0,0,,"Using ad set budget",0,0,Ongoing,0,0,,,,0,0,0,,,
2026-01-01,2026-01-31,DTC_ThirdParty_Catalogue,inactive,-,,,0,0,,"Using ad set budget",0,0,Ongoing,0,0,,,,0,0,0,,,
2026-01-01,2026-01-31,DTC_NutriMeow_Conv,active,"7-day click",92,actions:purchase,233798,2.717872,659.19032609,"Using ad set budget",0,60645.51,Ongoing,635433,95.439661,4968,12.207228,0.781829,8.32755,1.146071,52916,2.804442,1.020243,1.7842
2026-01-01,2026-01-31,DTC_DogFood_Upto15%OFF,inactive,-,,,0,0,,"Using ad set budget",0,0,Ongoing,0,0,,,,0,0,0,,,
2026-01-01,2026-01-31,DTC_HUFTTreats_ASC_Jan12,inactive,-,,,0,0,,4000,Daily,0,Ongoing,0,0,,,,0,0,0,,,
2026-01-01,2026-01-31,DTC_Dog_Essentials_Carousel_Conversions,inactive,-,,,0,0,,"Using ad set budget",0,0,Ongoing,0,0,,,,0,0,0,,,
2026-01-01,2026-01-31,DTC_Cat_Products_Conversions,inactive,-,,,0,0,,"Using ad set budget",0,0,Ongoing,0,0,,,,0,0,0,,,
2026-01-01,2026-01-31,DTC_TT_Sales_Promo_June22,inactive,-,,,0,0,,"Using ad set budget",0,0,Ongoing,0,0,,,,0,0,0,,,
2026-01-01,2026-01-31,DTC_Bofu_Dog_Toys_Remarketing_CS,inactive,-,,,0,0,,5000,Daily,0,Ongoing,0,0,,,,0,0,0,,,
2026-01-01,2026-01-31,DTC_Bofu_Dog_Walk_Essentials_Remarketing_CS,inactive,-,,,0,0,,4000,Daily,0,Ongoing,0,0,,,,0,0,0,,,
2026-01-01,2026-01-31,"Advantage+ shopping DTC_Tofu_KS_Categories_Conversions Campaign",inactive,-,,,0,0,,"Using ad set budget",0,0,Ongoing,0,0,,,,0,0,0,,,
2026-01-01,2026-01-31,DTC_Bofu_Remarketing_CS,inactive,-,,,0,0,,"Using ad set budget",0,0,Ongoing,0,0,,,,0,0,0,,,
2026-01-01,2026-01-31,"Advantage+ DTC_Tofu_Dog_Sweatshirts_CS_Conversion Campaign",inactive,-,,,0,0,,"Using ad set budget",0,0,Ongoing,0,0,,,,0,0,0,,,
2026-01-01,2026-01-31,"DTC_Advantage+ Winter_Collection_Prospecting_2022 Campaign_WW",inactive,-,,,0,0,,"Using ad set budget",0,0,Ongoing,0,0,,,,0,0,0,,,
2026-01-01,2026-01-31,DTC_Winter_Collection_Remarketing_CS,inactive,-,,,0,0,,"Using ad set budget",0,0,Ongoing,0,0,,,,0,0,0,,,
2026-01-01,2026-01-31,"DTC_Festive_Collection_Conversion Campaign",inactive,-,,,0,0,,"Using ad set budget",0,0,Ongoing,0,0,,,,0,0,0,,,
2026-01-01,2026-01-31,DTC_Tofu_TShirts_Conv_Feb_2023,inactive,-,,,0,0,,"Using ad set budget",0,0,Ongoing,0,0,,,,0,0,0,,,
2026-01-01,2026-01-31,"DTC_Goatmilk_Cookies_Conversion Campaign",inactive,-,,,0,0,,"Using ad set budget",0,0,Ongoing,0,0,,,,0,0,0,,,
2026-01-01,2026-01-31,DTC_Winter_Collection_Remarketing_Video,inactive,-,,,0,0,,"Using ad set budget",0,0,Ongoing,0,0,,,,0,0,0,,,
2026-01-01,2026-01-31,DTC_Conversions_Consumables,inactive,-,,,0,0,,"Using ad set budget",0,0,Ongoing,0,0,,,,0,0,0,,,
2026-01-01,2026-01-31,DTC_Winter_Reach_Store_Xeno,inactive,-,,,0,0,,"Using ad set budget",0,0,Ongoing,0,0,,,,0,0,0,,,
2026-01-01,2026-01-31,"DTC_IG_Ads_Test_Dec22 Campaign",inactive,-,,,0,0,,"Using ad set budget",0,0,Ongoing,0,0,,,,0,0,0,,,
2026-01-01,2026-01-31,"DTC_Dog_Harness_Conversion_Dec22 Campaign",inactive,-,,,0,0,,"Using ad set budget",0,0,Ongoing,0,0,,,,0,0,0,,,
2026-01-01,2026-01-31,"DTC_Catalogue Sales_Prospecting_DEC2022",inactive,-,,,0,0,,"Using ad set budget",0,0,Ongoing,0,0,,,,0,0,0,,,
2026-01-01,2026-01-31,"DTC_Dog_Grooming_2023 Campaign",inactive,-,,,0,0,,"Using ad set budget",0,0,Ongoing,0,0,,,,0,0,0,,,
2026-01-01,2026-01-31,DTC_Conversions_Non_Consumables,inactive,-,,,0,0,,"Using ad set budget",0,0,Ongoing,0,0,,,,0,0,0,,,
2026-01-01,2026-01-31,"DTC_Dog_Food_Advantage+shopping Campaign",inactive,-,,,0,0,,"Using ad set budget",0,0,Ongoing,0,0,,,,0,0,0,,,
2026-01-01,2026-01-31,DTC_Sara_Conv_PP_Jun23,inactive,-,,,0,0,,"Using ad set budget",0,0,Ongoing,0,0,,,,0,0,0,,,
2026-01-01,2026-01-31,"DTC_Sara_Conv_PP_Jun23 Campaign",active,"7-day click or 1-day view",70,actions:offsite_conversion.fb_pixel_purchase,169605,2.127437,707.65171429,"Using ad set budget",0,49535.62,Ongoing,360824,137.284715,7234,6.847611,2.004856,3.312418,4.144547,11952,2.309646,1.724419,0.585227
2026-01-01,2026-01-31,DTC_Dog_Treats_Sales_Carousel,inactive,-,,,0,0,,"Using ad set budget",0,0,Ongoing,0,0,,,,0,0,0,,,
2026-01-01,2026-01-31,DTC_Clearance_May22,inactive,-,,,0,0,,7000,Daily,0,Ongoing,0,0,,,,0,0,0,,,
2026-01-01,2026-01-31,DTC_Category_Ads_April22,inactive,-,,,0,0,,"Using ad set budget",0,0,Ongoing,0,0,,,,0,0,0,,,
2026-01-01,2026-01-31,DTC_Dog_Food_Pedigree-Royal_Conversion,inactive,-,,,0,0,,"Using ad set budget",0,0,Ongoing,0,0,,,,0,0,0,,,
2026-01-01,2026-01-31,DTC_Conversions_Campaign_Instant_Exp,inactive,-,,,0,0,,"Using ad set budget",0,0,1970-01-01,0,0,,,,0,0,0,,,
2026-01-01,2026-01-31,DTC_Dog_Grooming_Conversions_April22,inactive,-,,,0,0,,"Using ad set budget",0,0,Ongoing,0,0,,,,0,0,0,,,
2026-01-01,2026-01-31,DTC_Dog_Food_Repeat,inactive,-,,,0,0,,20000,Daily,0,Ongoing,0,0,,,,0,0,0,,,
2026-01-01,2026-01-31,DTC_Dog_Food_Brand_Prospecting_CS_April,inactive,-,,,0,0,,8000,Daily,0,Ongoing,0,0,,,,0,0,0,,,
2026-01-01,2026-01-31,DTC_Tofu_Store_Conversions_iOS,inactive,-,,,0,0,,"Using ad set budget",0,0,Ongoing,0,0,,,,0,0,0,,,
2026-01-01,2026-01-31,DTC_Mix_Conversion_Collection,inactive,-,,,0,0,,"Using ad set budget",0,0,Ongoing,0,0,,,,0,0,0,,,
2026-01-01,2026-01-31,DTC_TasteOfTheWild_Conversion_Ads,inactive,-,,,0,0,,"Using ad set budget",0,0,Ongoing,0,0,,,,0,0,0,,,
2026-01-01,2026-01-31,DTC_Bofu_Royal_Snooze_Beds_July22,inactive,-,,,0,0,,"Using ad set budget",0,0,Ongoing,0,0,,,,0,0,0,,,
2026-01-01,2026-01-31,DTC_Dog_Food_Drools_Pedigree_July22,inactive,-,,,0,0,,"Using ad set budget",0,0,Ongoing,0,0,,,,0,0,0,,,
2026-01-01,2026-01-31,DTC_HUFTIT_Conversions_Desktop,inactive,-,,,0,0,,"Using ad set budget",0,0,Ongoing,0,0,,,,0,0,0,,,
2026-01-01,2026-01-31,DTC_Dog_Treats_Conversions_July22,inactive,-,,,0,0,,"Using ad set budget",0,0,Ongoing,0,0,,,,0,0,0,,,
2026-01-01,2026-01-31,DTC_Rakhi_Conversions_July22,inactive,-,,,0,0,,"Using ad set budget",0,0,Ongoing,0,0,,,,0,0,0,,,
2026-01-01,2026-01-31,DTC_Remarketing_CatalogSales_KS,inactive,-,,,0,0,,"Using ad set budget",0,0,Ongoing,0,0,,,,0,0,0,,,
2026-01-01,2026-01-31,DTC_WebsiteVisitors_Remarketing_KS,inactive,-,,,0,0,,"Using ad set budget",0,0,Ongoing,0,0,,,,0,0,0,,,
2026-01-01,2026-01-31,DTC_Marvel_Collection_Conversions_2022,inactive,-,,,0,0,,"Using ad set budget",0,0,Ongoing,0,0,,,,0,0,0,,,
2026-01-01,2026-01-31,"DTC_Bed_Sale_Conversion_Jan Campaign",inactive,-,,,0,0,,"Using ad set budget",0,0,Ongoing,0,0,,,,0,0,0,,,
2026-01-01,2026-01-31,DTC_Dog_Treats_Conv_Feb_23,inactive,-,,,0,0,,"Using ad set budget",0,0,Ongoing,0,0,,,,0,0,0,,,
2026-01-01,2026-01-31,DTC_Dog_Treats_MOFU_Dec_22,inactive,-,,,0,0,,"Using ad set budget",0,0,Ongoing,0,0,,,,0,0,0,,,
2026-01-01,2026-01-31,DTC_Winter_Wonder_Sale_TOFU_LPV,inactive,-,,,0,0,,"Using ad set budget",0,0,Ongoing,0,0,,,,0,0,0,,,
2026-01-01,2026-01-31,DTC_MOFU_Brand_LPV,inactive,-,,,0,0,,"Using ad set budget",0,0,Ongoing,0,0,,,,0,0,0,,,
2026-01-01,2026-01-31,"DTC Nature's Hug Conversion - Jan'23_CC",inactive,-,,,0,0,,"Using ad set budget",0,0,Ongoing,0,0,,,,0,0,0,,,
2026-01-01,2026-01-31,DTC_Tofu_Brand_CatalogSales_Brand,inactive,-,,,0,0,,"Using ad set budget",0,0,Ongoing,0,0,,,,0,0,0,,,
2026-01-01,2026-01-31,DTC_Conversions_Tofu_Prospecting_Dog_Category_19Feb22,inactive,-,,,0,0,,"Using ad set budget",0,0,Ongoing,0,0,,,,0,0,0,,,
2026-01-01,2026-01-31,DTC_Conversions_Tofu_KONG_Wobbler_19Feb22,inactive,-,,,0,0,,"Using ad set budget",0,0,Ongoing,0,0,,,,0,0,0,,,
2026-01-01,2026-01-31,DTC_BrandVideo_Remarketing_ATC_Conversions_22,inactive,-,,,0,0,,"Using ad set budget",0,0,Ongoing,0,0,,,,0,0,0,,,
2026-01-01,2026-01-31,DTC_CC_YK_Conversions_22,inactive,-,,,0,0,,3000,Daily,0,Ongoing,0,0,,,,0,0,0,,,
2026-01-01,2026-01-31,"Sales Strategy_DTC_Ad_Strategies_HC_LB_2_May_2022_Customers",inactive,-,,,0,0,,"Using ad set budget",0,0,Ongoing,0,0,,,,0,0,0,,,
2026-01-01,2026-01-31,DTC_Dog_All_Category_Conversions_May22,inactive,-,,,0,0,,"Using ad set budget",0,0,Ongoing,0,0,,,,0,0,0,,,
2026-01-01,2026-01-31,DTC_Summer_Sale_DCO_Conversions_May22,inactive,-,,,0,0,,"Using ad set budget",0,0,Ongoing,0,0,,,,0,0,0,,,
2026-01-01,2026-01-31,DTC_Raincoats_Old_Conversion,inactive,-,,,0,0,,"Using ad set budget",0,0,Ongoing,0,0,,,,0,0,0,,,
2026-01-01,2026-01-31,DTC_SS_Collection_Conversion_May22,inactive,-,,,0,0,,4000,Daily,0,Ongoing,0,0,,,,0,0,0,,,
2026-01-01,2026-01-31,DTC_Kong_Wobbler_Toy_Conversions_May22,inactive,-,,,0,0,,"Using ad set budget",0,0,Ongoing,0,0,,,,0,0,0,,,
2026-01-01,2026-01-31,DTC_Catalog_Sales_Cross_Sell_Master_May22,inactive,-,,,0,0,,"Using ad set budget",0,0,Ongoing,0,0,,,,0,0,0,,,
2026-01-01,2026-01-31,DTC_Monsoon_Collection_Conversion_22,inactive,-,,,0,0,,"Using ad set budget",0,0,Ongoing,0,0,,,,0,0,0,,,
2026-01-01,2026-01-31,DTC_Schesir_Cat_Food_CS,inactive,-,,,0,0,,"Using ad set budget",0,0,Ongoing,0,0,,,,0,0,0,,,
2026-01-01,2026-01-31,DTC_TOFU_Conv_CLH_Adv+,inactive,-,,,0,0,,"Using ad set budget",0,0,Ongoing,0,0,,,,0,0,0,,,
2026-01-01,2026-01-31,"DTC_Black_Friday_Sale_Nov22 Campaign",inactive,-,,,0,0,,"Using ad set budget",0,0,Ongoing,0,0,,,,0,0,0,,,
2026-01-01,2026-01-31,DTC_Cross_Sell_Remarketing_Dec22,inactive,-,,,0,0,,"Using ad set budget",0,0,Ongoing,0,0,,,,0,0,0,,,
2026-01-01,2026-01-31,DTC_Puppy_Kit_Conversion_Dec22,inactive,-,,,0,0,,"Using ad set budget",0,0,Ongoing,0,0,,,,0,0,0,,,
2026-01-01,2026-01-31,DTC_ToFu_Dog_Food_Acana_Conv,inactive,-,,,0,0,,"Using ad set budget",0,0,Ongoing,0,0,,,,0,0,0,,,
2026-01-01,2026-01-31,DTC_TOFU_Conv_CLH_Int,inactive,-,,,0,0,,2000,Daily,0,Ongoing,0,0,,,,0,0,0,,,
2026-01-01,2026-01-31,DTC_ToFu_Prospecting_Outlet_Store,inactive,-,,,0,0,,"Using ad set budget",0,0,Ongoing,0,0,,,,0,0,0,,,
2026-01-01,2026-01-31,DTC_Remarketing_catalog_Food,inactive,-,,,0,0,,"Using ad set budget",0,0,Ongoing,0,0,,,,0,0,0,,,
2026-01-01,2026-01-31,DTC_Cross_sell_&_Up_Sell,inactive,-,,,0,0,,"Using ad set budget",0,0,Ongoing,0,0,,,,0,0,0,,,
2026-01-01,2026-01-31,DTC_RT_Customer_List,inactive,-,,,0,0,,"Using ad set budget",0,0,Ongoing,0,0,,,,0,0,0,,,
2026-01-01,2026-01-31,DTC_Dash_Dog_Sale_&_Consideration,inactive,-,,,0,0,,"Using ad set budget",0,0,Ongoing,0,0,,,,0,0,0,,,
2026-01-01,2026-01-31,DTC_Treats_Biscuits_Sales_&_Consideration,inactive,-,,,0,0,,"Using ad set budget",0,0,Ongoing,0,0,,,,0,0,0,,,
2026-01-01,2026-01-31,DTC_Conversions_Yakies_Chew_Bone_19Feb22,inactive,-,,,0,0,,"Using ad set budget",0,0,Ongoing,0,0,,,,0,0,0,,,
2026-01-01,2026-01-31,DTC_Dog_Food_Pedigree_Conversion,inactive,-,,,0,0,,"Using ad set budget",0,0,Ongoing,0,0,,,,0,0,0,,,
2026-01-01,2026-01-31,DTC_Dog_Food_Royal_Canin_Conversion,inactive,-,,,0,0,,"Using ad set budget",0,0,Ongoing,0,0,,,,0,0,0,,,
2026-01-01,2026-01-31,DTC_All_Conv_RM,inactive,-,,,0,0,,"Using ad set budget",0,0,Ongoing,0,0,,,,0,0,0,,,
2026-01-01,2026-01-31,DTC_QT_Range_Conversions,inactive,-,,,0,0,,4000,Daily,0,Ongoing,0,0,,,,0,0,0,,,
2026-01-01,2026-01-31,DTC_CLH_Conversion_DCO_Mar22,inactive,-,,,0,0,,"Using ad set budget",0,0,Ongoing,0,0,,,,0,0,0,,,
2026-01-01,2026-01-31,DTC_Tofu_Monsoon_Conversion_22,inactive,-,,,0,0,,"Using ad set budget",0,0,Ongoing,0,0,,,,0,0,0,,,
2026-01-01,2026-01-31,"DTC_Tofu_Monsoon_Conversion_22 - Copy",inactive,-,,,0,0,,"Using ad set budget",0,0,Ongoing,0,0,,,,0,0,0,,,
2026-01-01,2026-01-31,DTC_Twinning_Collection_Conversion,inactive,-,,,0,0,,"Using ad set budget",0,0,Ongoing,0,0,,,,0,0,0,,,
2026-01-01,2026-01-31,DTC_ToFu_Winter'23_Sale_&_Consideration,inactive,-,,,0,0,,"Using ad set budget",0,0,Ongoing,0,0,,,,0,0,0,,,
2026-01-01,2026-01-31,"DTC_Winter'23_Advantage+ Campaign",inactive,-,,,0,0,,"Using ad set budget",0,0,Ongoing,0,0,,,,0,0,0,,,
2026-01-01,2026-01-31,DTC_Winter'23_ToFu_Sale_&_Consideration,inactive,-,,,0,0,,"Using ad set budget",0,0,Ongoing,0,0,,,,0,0,0,,,
2026-01-01,2026-01-31,DTC_Beds/Mats'23_ToFu_Sales_&_Consideration,inactive,-,,,0,0,,"Using ad set budget",0,0,Ongoing,0,0,,,,0,0,0,,,
2026-01-01,2026-01-31,DTC_ToFu_B2G1_Sale_&_Consideration,inactive,-,,,0,0,,"Using ad set budget",0,0,Ongoing,0,0,,,,0,0,0,,,
2026-01-01,2026-01-31,DTC_Huft_NonHUFT_Treats_Sales,inactive,-,,,0,0,,"Using ad set budget",0,0,Ongoing,0,0,,,,0,0,0,,,
2026-01-01,2026-01-31,DTC_Dash_Dog_Metros_Sales,inactive,-,,,0,0,,"Using ad set budget",0,0,Ongoing,0,0,,,,0,0,0,,,
2026-01-01,2026-01-31,DTC_Sara_Conv_PP_Mar24,inactive,-,,,0,0,,"Using ad set budget",0,0,Ongoing,0,0,,,,0,0,0,,,
2026-01-01,2026-01-31,DTC_Sara_Wholesome_Hindi_Cities_A/B,inactive,-,,,0,0,,"Using ad set budget",0,0,Ongoing,0,0,,,,0,0,0,,,
2026-01-01,2026-01-31,DTC_YIMT_Conv_PP,active,"7-day click",220,actions:offsite_conversion.fb_pixel_purchase,405715,2.626812,762.18836364,"Using ad set budget",0,167681.44,Ongoing,1065737,157.33848,6911,24.262978,0.648471,0.959336,16.400767,10224,0.761844,0.750176,0.011668
2026-01-01,2026-01-31,DTC_HUFT_Conv_RM,inactive,-,,,0,0,,"Using ad set budget",0,0,Ongoing,0,0,,,,0,0,0,,,
2026-01-01,2026-01-31,"DTC_YIMT_ASC_PP Campaign",inactive,-,,,0,0,,"Using ad set budget",0,0,Ongoing,0,0,,,,0,0,0,,,
2026-01-01,2026-01-31,DTC_All_Conv_ReMa,inactive,-,,,0,0,,"Using ad set budget",0,0,Ongoing,0,0,,,,0,0,0,,,
2026-01-01,2026-01-31,DTC_Sara_Conv_Pros(3.cities)_Apr'24,inactive,-,,,0,0,,"Using ad set budget",0,0,Ongoing,0,0,,,,0,0,0,,,
2026-01-01,2026-01-31,DTC_Sara.Treats_Conv_May'24,active,"Multiple attribution settings",1020,actions:offsite_conversion.fb_pixel_purchase,824053,4.96678,429.03821569,"Using ad set budget",0,437618.98,Ongoing,4092890,106.921755,28345,15.439019,0.692542,0.798458,13.391034,32680,4.947744,4.947744,
2026-01-01,2026-01-31,DTC_Random_Conv_2024,inactive,-,,,0,0,,"Using ad set budget",0,0,Ongoing,0,0,,,,0,0,0,,,
2026-01-01,2026-01-31,DTC_DD_AP_Conv_July24,inactive,-,,,0,0,,"Using ad set budget",0,0,Ongoing,0,0,,,,0,0,0,,,
2026-01-01,2026-01-31,DTC_DD_CONV_26/07/24,inactive,-,,,0,0,,"Using ad set budget",0,0,Ongoing,0,0,,,,0,0,0,,,
2026-01-01,2026-01-31,"DTC_Hearty_Conv_30 July",inactive,-,,,0,0,,"Using ad set budget",0,0,Ongoing,0,0,,,,0,0,0,,,
2026-01-01,2026-01-31,DTC_SarasTreats_Conv_Aug03,inactive,-,,,0,0,,9000,Daily,0,Ongoing,0,0,,,,0,0,0,,,
2026-01-01,2026-01-31,DTC_SWF_Conv_Aug05,inactive,-,,,0,0,,"Using ad set budget",0,0,Ongoing,0,0,,,,0,0,0,,,
2026-01-01,2026-01-31,DTC_Hearty_ASC_Awr_Aug2,inactive,-,,,0,0,,"Using ad set budget",0,0,Ongoing,0,0,,,,0,0,0,,,
2026-01-01,2026-01-31,DTC_Hearty_Conv_Manual,active,"Multiple attribution settings",,,615312,2.759381,,"Using ad set budget",0,246823.75,Ongoing,1697880,145.371728,21889,11.276155,1.289196,1.62803,8.929301,27642,5.240164,5.211157,0.029007
